{"type":"FeatureCollection","features":[{"type":"Feature","properties":{"NAME_1":"Andaman and Nicobar"},"geometry":{"type":"MultiPolygon","coordinates":[[[[93.848,7.24],[93.885,7.16],[93.893,7.079],[93.948,6.999],[93.914,6.918],[93.909,6.838],[93.836,6.758],[93.787,6.839],[93.744,6.921],[93.706,7.001],[93.67,7.081],[93.674,7.162],[93.754,7.203],[93.835,7.239],[93.848,7.24]]],[[[93.713,7.444],[93.755,7.363],[93.678,7.283],[93.632,7.363],[93.713,7.393],[93.713,7.444]]],[[[93.38,8.025],[93.453,7.942],[93.373,7.883],[93.313,7.964],[93.38,8.025]]],[[[93.547,8.028],[93.581,7.948],[93.545,8.028],[93.547,8.028]]],[[[93.579,8.125],[93.601,8.045],[93.578,8.125],[93.579,8.125]]],[[[93.526,8.231],[93.507,8.151],[93.552,8.07],[93.472,8.098],[93.459,8.178],[93.526,8.231]]],[[[93.126,8.356],[93.127,8.276],[93.199,8.194],[93.119,8.224],[93.085,8.305],[93.126,8.356]]],[[[93.616,8.574],[93.638,8.492],[93.611,8.573],[93.616,8.574]]],[[[92.788,9.244],[92.832,9.163],[92.751,9.125],[92.721,9.206],[92.788,9.244]]],[[[92.516,10.898],[92.562,10.817],[92.586,10.736],[92.58,10.656],[92.566,10.574],[92.486,10.517],[92.406,10.533],[92.42,10.613],[92.38,10.694],[92.376,10.775],[92.456,10.838],[92.516,10.898]]],[[[92.641,11.51],[92.681,11.43],[92.64,11.35],[92.623,11.43],[92.63,11.51],[92.641,11.51]]],[[[92.97,12.034],[93.028,11.953],[92.948,11.985],[92.97,12.034]]],[[[93.028,12.157],[93.053,12.077],[92.973,12.118],[93.028,12.157]]],[[[93.069,12.211],[93.089,12.131],[93.067,12.211],[93.069,12.211]]],[[[92.701,12.236],[92.756,12.155],[92.741,12.075],[92.745,11.994],[92.725,11.914],[92.717,11.834],[92.737,11.914],[92.776,11.834],[92.766,11.753],[92.702,11.673],[92.741,11.593],[92.724,11.513],[92.643,11.557],[92.644,11.637],[92.588,11.718],[92.553,11.798],[92.525,11.878],[92.605,11.859],[92.611,11.939],[92.616,12.019],[92.624,12.1],[92.647,12.18],[92.701,12.236]]],[[[92.777,12.31],[92.857,12.305],[92.873,12.225],[92.819,12.145],[92.766,12.065],[92.754,12.145],[92.768,12.226],[92.77,12.306],[92.777,12.31]]],[[[92.711,12.829],[92.726,12.749],[92.708,12.829],[92.711,12.829]]],[[[92.899,12.916],[92.948,12.836],[92.958,12.756],[92.964,12.675],[92.958,12.595],[92.967,12.515],[92.923,12.435],[92.843,12.483],[92.841,12.402],[92.896,12.322],[92.816,12.312],[92.735,12.302],[92.699,12.382],[92.703,12.462],[92.7,12.543],[92.712,12.623],[92.787,12.703],[92.723,12.783],[92.777,12.864],[92.858,12.878],[92.899,12.916]]],[[[92.696,12.992],[92.72,12.911],[92.678,12.831],[92.671,12.912],[92.692,12.992],[92.696,12.992]]],[[[93.029,13.573],[93.041,13.493],[93.042,13.413],[93.087,13.333],[93.007,13.353],[93.043,13.272],[93.036,13.192],[93.033,13.112],[93.007,13.032],[92.926,13.061],[92.931,12.98],[92.872,12.9],[92.792,12.955],[92.793,13.036],[92.816,13.116],[92.82,13.197],[92.823,13.277],[92.836,13.358],[92.882,13.438],[92.927,13.519],[93.007,13.548],[93.029,13.573]]],[[[93.366,14.156],[93.369,14.076],[93.365,14.156],[93.366,14.156]]]]}},{"type":"Feature","properties":{"NAME_1":"Andhra Pradesh"},"geometry":{"type":"MultiPolygon","coordinates":[[[[82.332,16.725],[82.32,16.643],[82.327,16.723],[82.332,16.725]]],[[[82.3,16.714],[82.215,16.725],[82.259,16.643],[82.27,16.563],[82.189,16.521],[82.109,16.481],[82.028,16.442],[81.948,16.398],[81.868,16.379],[81.788,16.342],[81.707,16.321],[81.626,16.337],[81.546,16.355],[81.465,16.353],[81.385,16.355],[81.305,16.305],[81.226,16.224],[81.198,16.144],[81.167,16.063],[81.143,15.982],[81.063,15.903],[80.996,15.823],[80.987,15.743],[80.906,15.718],[80.825,15.712],[80.782,15.792],[80.748,15.872],[80.662,15.88],[80.582,15.865],[80.501,15.837],[80.421,15.799],[80.341,15.748],[80.268,15.668],[80.234,15.587],[80.214,15.507],[80.169,15.427],[80.11,15.346],[80.083,15.264],[80.073,15.184],[80.051,15.103],[80.052,15.022],[80.066,14.941],[80.086,14.86],[80.098,14.779],[80.135,14.699],[80.168,14.619],[80.184,14.538],[80.176,14.456],[80.171,14.376],[80.145,14.295],[80.129,14.215],[80.129,14.134],[80.143,14.054],[80.168,13.973],[80.212,13.893],[80.245,13.812],[80.24,13.732],[80.235,13.65],[80.265,13.569],[80.295,13.488],[80.257,13.569],[80.188,13.649],[80.107,13.674],[80.054,13.593],[80.12,13.512],[80.201,13.489],[80.281,13.439],[80.194,13.476],[80.107,13.504],[80.018,13.525],[79.962,13.444],[79.941,13.361],[79.859,13.314],[79.774,13.285],[79.752,13.205],[79.671,13.236],[79.589,13.26],[79.498,13.315],[79.417,13.322],[79.407,13.238],[79.361,13.156],[79.278,13.12],[79.193,13.09],[79.153,13.007],[79.069,13.014],[78.988,13.073],[78.901,13.052],[78.813,13.075],[78.732,13.05],[78.651,13.018],[78.647,12.919],[78.592,12.839],[78.567,12.752],[78.484,12.735],[78.459,12.639],[78.374,12.613],[78.29,12.653],[78.2,12.676],[78.229,12.762],[78.241,12.847],[78.322,12.863],[78.403,12.891],[78.459,12.976],[78.505,13.059],[78.533,13.142],[78.559,13.227],[78.473,13.291],[78.391,13.304],[78.371,13.391],[78.367,13.482],[78.398,13.566],[78.312,13.584],[78.228,13.587],[78.146,13.65],[78.066,13.664],[78.095,13.75],[78.114,13.841],[78.016,13.854],[77.978,13.938],[77.896,13.908],[77.814,13.931],[77.808,13.847],[77.718,13.793],[77.614,13.76],[77.53,13.746],[77.445,13.696],[77.454,13.778],[77.373,13.831],[77.29,13.85],[77.208,13.86],[77.124,13.849],[77.17,13.761],[77.086,13.758],[77.002,13.737],[76.972,13.819],[77.036,13.926],[76.949,14.007],[76.949,14.091],[76.942,14.178],[77.01,14.092],[77.091,14.038],[77.171,14.009],[77.256,14.021],[77.346,13.986],[77.346,13.903],[77.427,13.909],[77.38,13.993],[77.38,14.09],[77.463,14.164],[77.499,14.25],[77.409,14.327],[77.406,14.237],[77.321,14.273],[77.232,14.311],[77.146,14.332],[77.112,14.248],[77.025,14.237],[76.943,14.236],[76.899,14.319],[76.913,14.414],[76.854,14.499],[76.778,14.579],[76.771,14.674],[76.786,14.762],[76.854,14.861],[76.864,14.955],[76.772,14.969],[76.771,15.054],[76.861,15.057],[76.943,15.027],[77.023,15.028],[77.11,15.029],[77.154,15.121],[77.15,15.208],[77.115,15.29],[77.042,15.375],[77.002,15.455],[77.024,15.576],[77.104,15.634],[77.076,15.721],[77.064,15.823],[77.077,15.91],[77.157,15.944],[77.244,15.957],[77.335,15.943],[77.416,15.938],[77.497,15.926],[77.5,16.011],[77.498,16.097],[77.488,16.179],[77.5,16.261],[77.581,16.286],[77.519,16.37],[77.438,16.374],[77.353,16.377],[77.269,16.423],[77.352,16.483],[77.391,16.565],[77.469,16.647],[77.426,16.727],[77.459,16.818],[77.456,16.905],[77.478,16.99],[77.478,17.072],[77.376,17.138],[77.38,17.22],[77.448,17.313],[77.528,17.372],[77.573,17.454],[77.665,17.476],[77.59,17.563],[77.51,17.549],[77.453,17.631],[77.492,17.713],[77.507,17.793],[77.581,17.876],[77.624,17.958],[77.552,18.047],[77.594,18.128],[77.585,18.217],[77.555,18.298],[77.542,18.385],[77.547,18.466],[77.597,18.548],[77.683,18.541],[77.743,18.621],[77.758,18.707],[77.837,18.807],[77.929,18.822],[77.882,18.909],[77.787,18.984],[77.797,19.065],[77.849,19.155],[77.865,19.238],[77.893,19.321],[77.977,19.321],[78.058,19.24],[78.139,19.239],[78.195,19.325],[78.182,19.412],[78.267,19.448],[78.295,19.531],[78.309,19.611],[78.32,19.697],[78.368,19.781],[78.298,19.873],[78.384,19.879],[78.465,19.816],[78.558,19.816],[78.648,19.801],[78.732,19.773],[78.817,19.76],[78.863,19.679],[78.944,19.665],[78.981,19.585],[79.063,19.531],[79.157,19.486],[79.238,19.533],[79.322,19.572],[79.402,19.54],[79.493,19.505],[79.573,19.507],[79.665,19.577],[79.754,19.602],[79.856,19.517],[79.937,19.467],[79.971,19.382],[79.962,19.297],[79.919,19.215],[79.871,19.123],[79.857,19.042],[79.936,18.958],[79.941,18.877],[79.916,18.797],[80.009,18.769],[80.101,18.685],[80.189,18.676],[80.271,18.714],[80.319,18.622],[80.402,18.607],[80.483,18.628],[80.568,18.561],[80.648,18.479],[80.729,18.404],[80.743,18.322],[80.769,18.236],[80.859,18.226],[80.855,18.145],[80.936,18.153],[80.952,18.072],[80.973,17.986],[80.997,17.895],[81.032,17.79],[81.121,17.828],[81.213,17.833],[81.298,17.81],[81.384,17.803],[81.467,17.825],[81.554,17.816],[81.637,17.836],[81.726,17.874],[81.82,17.945],[81.905,17.973],[81.986,18.014],[82.07,18.06],[82.16,18.044],[82.242,17.98],[82.288,18.061],[82.333,18.142],[82.321,18.222],[82.393,18.306],[82.375,18.393],[82.427,18.477],[82.507,18.508],[82.55,18.427],[82.611,18.346],[82.585,18.266],[82.673,18.292],[82.754,18.33],[82.776,18.416],[82.863,18.408],[82.946,18.35],[83.032,18.373],[83.025,18.454],[83.089,18.538],[83.008,18.588],[83.071,18.689],[83.133,18.772],[83.214,18.736],[83.3,18.798],[83.383,18.826],[83.35,18.916],[83.33,18.997],[83.411,18.993],[83.472,19.073],[83.552,19.047],[83.601,19.128],[83.684,19.044],[83.73,18.96],[83.811,18.965],[83.837,18.873],[83.921,18.812],[84.007,18.804],[84.089,18.747],[84.18,18.769],[84.264,18.781],[84.344,18.823],[84.406,18.906],[84.426,18.989],[84.507,19.035],[84.588,19.013],[84.603,19.097],[84.692,19.152],[84.761,19.071],[84.702,18.991],[84.625,18.911],[84.568,18.831],[84.502,18.75],[84.44,18.668],[84.363,18.588],[84.294,18.507],[84.213,18.437],[84.141,18.356],[84.07,18.276],[83.99,18.238],[83.91,18.204],[83.829,18.165],[83.749,18.129],[83.669,18.083],[83.588,18.025],[83.52,17.945],[83.439,17.871],[83.39,17.791],[83.318,17.711],[83.238,17.631],[83.158,17.56],[83.077,17.531],[82.997,17.482],[82.917,17.441],[82.837,17.405],[82.757,17.37],[82.677,17.33],[82.596,17.286],[82.516,17.231],[82.435,17.168],[82.355,17.095],[82.288,17.014],[82.25,16.933],[82.312,16.853],[82.361,16.933],[82.358,16.853],[82.345,16.772],[82.3,16.714]]]]}},{"type":"Feature","properties":{"NAME_1":"Arunachal Pradesh"},"geometry":{"type":"Polygon","coordinates":[[[96.158,29.383],[96.197,29.298],[96.283,29.235],[96.363,29.286],[96.363,29.198],[96.272,29.161],[96.186,29.095],[96.169,29.013],[96.155,28.928],[96.248,28.943],[96.337,29.025],[96.421,29.037],[96.508,29.074],[96.481,28.982],[96.536,28.897],[96.595,28.815],[96.586,28.722],[96.498,28.693],[96.444,28.606],[96.355,28.561],[96.367,28.48],[96.285,28.431],[96.371,28.394],[96.454,28.416],[96.534,28.435],[96.621,28.464],[96.706,28.437],[96.797,28.371],[96.88,28.383],[96.962,28.332],[97.045,28.354],[97.126,28.356],[97.214,28.299],[97.306,28.264],[97.39,28.212],[97.335,28.131],[97.377,28.039],[97.376,27.944],[97.288,27.922],[97.203,27.864],[97.115,27.796],[97.029,27.749],[96.942,27.667],[96.914,27.584],[96.926,27.503],[96.949,27.421],[97.0,27.34],[97.082,27.254],[97.153,27.168],[97.072,27.109],[96.985,27.167],[96.903,27.181],[96.889,27.264],[96.809,27.345],[96.728,27.372],[96.646,27.368],[96.566,27.327],[96.479,27.308],[96.392,27.295],[96.311,27.302],[96.227,27.281],[96.115,27.233],[96.03,27.188],[95.974,27.102],[95.889,27.028],[95.808,27.02],[95.757,26.94],[95.673,26.91],[95.618,26.83],[95.533,26.831],[95.466,26.75],[95.384,26.688],[95.303,26.656],[95.216,26.735],[95.204,26.821],[95.234,26.906],[95.195,26.99],[95.278,27.05],[95.366,27.113],[95.447,27.138],[95.471,27.223],[95.554,27.259],[95.637,27.237],[95.721,27.258],[95.806,27.292],[95.888,27.263],[95.968,27.325],[95.995,27.412],[95.911,27.44],[95.881,27.523],[95.824,27.603],[95.785,27.683],[95.789,27.765],[95.874,27.84],[95.952,27.923],[95.826,27.977],[95.607,27.958],[95.526,27.898],[95.384,27.842],[95.293,27.865],[95.195,27.834],[95.052,27.79],[94.93,27.757],[94.849,27.711],[94.767,27.68],[94.684,27.663],[94.601,27.622],[94.516,27.585],[94.431,27.596],[94.349,27.579],[94.262,27.61],[94.263,27.527],[94.175,27.484],[94.093,27.411],[94.01,27.339],[93.919,27.257],[93.84,27.173],[93.831,27.092],[93.746,27.032],[93.655,26.966],[93.571,26.954],[93.489,26.939],[93.391,26.96],[93.267,26.956],[93.184,26.939],[93.092,26.916],[92.997,26.93],[92.915,26.97],[92.824,27.018],[92.728,27.028],[92.639,27.019],[92.554,26.959],[92.466,26.963],[92.367,26.932],[92.281,26.904],[92.195,26.891],[92.108,26.894],[92.113,26.976],[92.042,27.06],[92.031,27.147],[92.068,27.234],[92.067,27.318],[92.054,27.4],[92.011,27.482],[91.923,27.471],[91.84,27.476],[91.757,27.473],[91.674,27.494],[91.594,27.54],[91.563,27.62],[91.616,27.702],[91.63,27.783],[91.546,27.847],[91.627,27.856],[91.71,27.813],[91.799,27.808],[91.876,27.726],[91.961,27.751],[92.049,27.757],[92.139,27.824],[92.234,27.863],[92.307,27.779],[92.398,27.82],[92.485,27.829],[92.565,27.827],[92.652,27.893],[92.733,27.978],[92.681,28.059],[92.721,28.145],[92.808,28.204],[92.895,28.205],[92.986,28.251],[93.069,28.309],[93.155,28.318],[93.232,28.401],[93.235,28.483],[93.305,28.566],[93.39,28.649],[93.474,28.654],[93.561,28.66],[93.654,28.667],[93.744,28.685],[93.836,28.705],[93.92,28.67],[93.969,28.751],[93.995,28.841],[94.079,28.906],[94.167,28.981],[94.206,29.069],[94.288,29.148],[94.37,29.182],[94.455,29.224],[94.546,29.223],[94.619,29.313],[94.704,29.308],[94.791,29.226],[94.872,29.184],[94.957,29.16],[95.04,29.152],[95.122,29.116],[95.203,29.108],[95.286,29.062],[95.374,29.041],[95.454,29.037],[95.492,29.124],[95.537,29.208],[95.621,29.255],[95.702,29.3],[95.783,29.356],[95.875,29.386],[95.957,29.383],[96.044,29.45],[96.139,29.408],[96.158,29.383]]]}},{"type":"Feature","properties":{"NAME_1":"Assam"},"geometry":{"type":"MultiPolygon","coordinates":[[[[95.952,27.942],[95.894,27.861],[95.811,27.794],[95.773,27.711],[95.785,27.627],[95.867,27.551],[95.866,27.469],[95.95,27.445],[96.013,27.364],[95.919,27.299],[95.838,27.287],[95.757,27.274],[95.637,27.237],[95.556,27.254],[95.475,27.227],[95.461,27.14],[95.377,27.102],[95.297,27.073],[95.214,27.033],[95.126,26.987],[95.038,26.938],[94.957,26.944],[94.87,26.915],[94.815,26.83],[94.732,26.764],[94.646,26.725],[94.566,26.69],[94.486,26.674],[94.415,26.583],[94.354,26.502],[94.263,26.544],[94.187,26.461],[94.174,26.378],[94.09,26.297],[94.037,26.21],[93.998,26.129],[93.973,26.045],[93.969,25.961],[93.902,25.871],[93.821,25.832],[93.796,25.918],[93.713,25.923],[93.683,25.841],[93.598,25.768],[93.517,25.688],[93.434,25.63],[93.348,25.563],[93.391,25.481],[93.474,25.393],[93.474,25.309],[93.389,25.246],[93.347,25.164],[93.313,25.078],[93.257,24.996],[93.25,24.915],[93.193,24.834],[93.111,24.812],[93.097,24.732],[93.086,24.651],[93.087,24.571],[93.046,24.482],[92.998,24.402],[92.912,24.413],[92.829,24.378],[92.786,24.464],[92.703,24.384],[92.623,24.331],[92.608,24.25],[92.525,24.173],[92.444,24.153],[92.42,24.235],[92.314,24.253],[92.213,24.249],[92.264,24.362],[92.239,24.447],[92.233,24.53],[92.246,24.619],[92.277,24.707],[92.293,24.789],[92.241,24.87],[92.325,24.895],[92.409,24.851],[92.492,24.874],[92.489,24.954],[92.442,25.04],[92.527,25.106],[92.61,25.124],[92.694,25.181],[92.78,25.203],[92.792,25.285],[92.741,25.367],[92.66,25.41],[92.571,25.464],[92.645,25.547],[92.565,25.568],[92.488,25.65],[92.433,25.731],[92.352,25.735],[92.271,25.711],[92.188,25.683],[92.156,25.765],[92.175,25.847],[92.161,25.933],[92.256,26.029],[92.169,26.078],[92.081,26.044],[92.0,26.039],[91.92,26.0],[91.875,26.085],[91.79,26.087],[91.721,26.002],[91.686,25.921],[91.632,26.002],[91.551,25.975],[91.503,25.892],[91.419,25.855],[91.336,25.838],[91.28,25.757],[91.198,25.731],[91.188,25.816],[91.081,25.829],[91.001,25.822],[90.967,25.905],[90.883,25.952],[90.797,25.941],[90.713,25.952],[90.627,25.917],[90.547,25.92],[90.5,26.001],[90.417,25.992],[90.337,25.99],[90.227,25.955],[90.14,25.958],[90.059,25.91],[89.976,25.834],[89.934,25.753],[89.947,25.659],[89.973,25.575],[89.886,25.558],[89.881,25.64],[89.834,25.721],[89.833,25.801],[89.849,25.883],[89.841,25.964],[89.787,26.044],[89.771,26.124],[89.714,26.206],[89.721,26.288],[89.804,26.362],[89.869,26.448],[89.862,26.53],[89.877,26.613],[89.861,26.7],[89.948,26.723],[90.034,26.73],[90.114,26.745],[90.192,26.827],[90.277,26.852],[90.364,26.898],[90.454,26.872],[90.539,26.816],[90.63,26.792],[90.712,26.768],[90.802,26.774],[90.897,26.779],[90.987,26.788],[91.076,26.8],[91.18,26.811],[91.262,26.805],[91.36,26.789],[91.442,26.815],[91.531,26.796],[91.612,26.817],[91.697,26.812],[91.802,26.852],[91.883,26.916],[91.97,26.871],[92.055,26.848],[92.148,26.891],[92.255,26.912],[92.347,26.933],[92.442,26.955],[92.532,26.963],[92.645,26.987],[92.728,27.028],[92.824,27.018],[92.917,26.985],[92.997,26.93],[93.092,26.916],[93.184,26.939],[93.267,26.956],[93.348,26.963],[93.437,26.956],[93.526,26.949],[93.624,26.964],[93.706,27.004],[93.786,27.055],[93.798,27.136],[93.886,27.224],[93.973,27.308],[94.055,27.363],[94.136,27.446],[94.222,27.507],[94.221,27.588],[94.302,27.6],[94.384,27.586],[94.469,27.564],[94.552,27.604],[94.634,27.629],[94.717,27.662],[94.798,27.699],[94.884,27.742],[94.987,27.771],[95.195,27.834],[95.293,27.865],[95.384,27.842],[95.516,27.882],[95.597,27.951],[95.826,27.977],[95.957,27.969],[95.952,27.942]]]]}},{"type":"Feature","properties":{"NAME_1":"Bihar"},"geometry":{"type":"MultiPolygon","coordinates":[[[[84.12,27.514],[84.202,27.472],[84.285,27.396],[84.374,27.376],[84.46,27.362],[84.567,27.347],[84.684,27.236],[84.684,27.154],[84.65,27.071],[84.73,27.013],[84.81,27.012],[84.891,26.977],[84.972,26.952],[85.054,26.889],[85.136,26.868],[85.197,26.785],[85.286,26.754],[85.366,26.76],[85.449,26.783],[85.532,26.825],[85.622,26.869],[85.705,26.833],[85.731,26.75],[85.732,26.667],[85.812,26.609],[85.893,26.595],[85.975,26.655],[86.057,26.66],[86.141,26.629],[86.223,26.59],[86.308,26.619],[86.396,26.595],[86.488,26.549],[86.571,26.499],[86.679,26.454],[86.759,26.447],[86.84,26.442],[86.932,26.489],[87.018,26.532],[87.094,26.45],[87.191,26.405],[87.275,26.372],[87.356,26.356],[87.446,26.433],[87.539,26.421],[87.63,26.393],[87.712,26.427],[87.792,26.466],[87.888,26.476],[87.968,26.397],[88.049,26.397],[88.103,26.479],[88.186,26.544],[88.225,26.456],[88.238,26.375],[88.225,26.289],[88.144,26.253],[88.063,26.177],[87.982,26.159],[87.938,26.077],[87.849,26.045],[87.831,25.964],[87.817,25.883],[87.899,25.86],[87.898,25.772],[87.98,25.718],[88.036,25.637],[88.027,25.553],[87.943,25.535],[87.861,25.486],[87.78,25.437],[87.787,25.355],[87.854,25.268],[87.769,25.247],[87.689,25.285],[87.607,25.311],[87.526,25.281],[87.472,25.195],[87.392,25.228],[87.311,25.17],[87.291,25.089],[87.211,25.085],[87.146,25.004],[87.15,24.921],[87.102,24.839],[87.086,24.758],[87.06,24.677],[86.98,24.625],[86.898,24.587],[86.814,24.568],[86.732,24.576],[86.646,24.567],[86.562,24.563],[86.491,24.479],[86.467,24.395],[86.381,24.412],[86.3,24.449],[86.301,24.532],[86.217,24.612],[86.133,24.604],[86.129,24.69],[86.043,24.744],[85.961,24.732],[85.878,24.8],[85.786,24.799],[85.705,24.769],[85.65,24.687],[85.671,24.599],[85.582,24.6],[85.5,24.544],[85.411,24.545],[85.323,24.526],[85.239,24.489],[85.153,24.464],[85.092,24.382],[85.011,24.416],[84.925,24.378],[84.88,24.463],[84.795,24.529],[84.713,24.469],[84.629,24.4],[84.546,24.374],[84.497,24.293],[84.395,24.368],[84.293,24.451],[84.312,24.534],[84.221,24.55],[84.136,24.529],[84.053,24.588],[83.972,24.597],[83.879,24.537],[83.794,24.529],[83.702,24.507],[83.6,24.513],[83.51,24.528],[83.526,24.614],[83.5,24.695],[83.419,24.77],[83.368,24.863],[83.358,24.946],[83.316,25.027],[83.34,25.112],[83.347,25.193],[83.429,25.244],[83.511,25.288],[83.603,25.332],[83.686,25.369],[83.771,25.4],[83.851,25.474],[83.914,25.554],[84.0,25.608],[84.07,25.696],[84.156,25.726],[84.248,25.663],[84.331,25.745],[84.424,25.695],[84.506,25.682],[84.596,25.739],[84.587,25.82],[84.507,25.872],[84.423,25.892],[84.314,25.948],[84.223,25.991],[84.137,26.047],[84.049,26.1],[84.004,26.181],[84.087,26.237],[84.168,26.264],[84.167,26.36],[84.081,26.39],[83.993,26.448],[83.908,26.45],[83.974,26.532],[84.055,26.568],[84.137,26.636],[84.222,26.616],[84.303,26.617],[84.383,26.622],[84.319,26.716],[84.234,26.74],[84.249,26.821],[84.157,26.836],[84.076,26.879],[84.044,26.961],[84.041,27.045],[83.955,27.086],[83.98,27.173],[83.898,27.259],[83.855,27.34],[83.869,27.425],[83.965,27.444],[84.045,27.442],[84.12,27.514]]]]}},{"type":"Feature","properties":{"NAME_1":"Chandigarh"},"geometry":{"type":"Polygon","coordinates":[[[76.82,30.686],[76.738,30.689],[76.708,30.77],[76.789,30.781],[76.821,30.697],[76.82,30.686]]]}},{"type":"Feature","properties":{"NAME_1":"Chhattisgarh"},"geometry":{"type":"Polygon","coordinates":[[[83.328,24.1],[83.409,24.08],[83.501,24.031],[83.534,23.942],[83.59,23.856],[83.672,23.82],[83.729,23.732],[83.752,23.649],[83.838,23.581],[83.922,23.565],[84.007,23.632],[84.021,23.55],[83.979,23.461],[83.967,23.374],[84.047,23.371],[84.063,23.29],[84.058,23.208],[84.053,23.124],[84.124,23.037],[84.212,22.986],[84.307,22.968],[84.389,22.939],[84.32,22.849],[84.285,22.763],[84.228,22.677],[84.132,22.636],[84.048,22.594],[83.974,22.514],[84.04,22.433],[83.957,22.361],[83.872,22.339],[83.791,22.285],[83.7,22.246],[83.619,22.196],[83.567,22.114],[83.533,22.029],[83.558,21.944],[83.584,21.853],[83.498,21.806],[83.467,21.711],[83.485,21.626],[83.402,21.627],[83.354,21.535],[83.347,21.455],[83.397,21.372],[83.31,21.365],[83.271,21.281],[83.211,21.191],[83.138,21.11],[83.051,21.117],[82.965,21.156],[82.879,21.149],[82.796,21.151],[82.711,21.156],[82.626,21.077],[82.582,20.987],[82.494,20.909],[82.462,20.828],[82.377,20.867],[82.337,20.779],[82.343,20.699],[82.358,20.615],[82.349,20.523],[82.418,20.438],[82.398,20.356],[82.421,20.273],[82.406,20.179],[82.395,20.089],[82.476,20.03],[82.576,19.999],[82.681,19.995],[82.706,19.911],[82.703,19.831],[82.619,19.786],[82.591,19.866],[82.502,19.882],[82.421,19.898],[82.339,19.83],[82.283,19.918],[82.231,19.998],[82.148,20.003],[82.058,20.05],[81.974,20.076],[81.889,20.043],[81.84,19.955],[81.924,19.869],[82.008,19.797],[82.044,19.714],[82.051,19.632],[82.043,19.544],[82.097,19.461],[82.179,19.419],[82.163,19.338],[82.152,19.239],[82.179,19.159],[82.209,19.079],[82.227,18.994],[82.24,18.91],[82.158,18.869],[82.159,18.788],[82.079,18.712],[81.998,18.7],[81.916,18.636],[81.944,18.555],[81.863,18.517],[81.767,18.415],[81.681,18.341],[81.597,18.302],[81.511,18.202],[81.511,18.104],[81.478,18.02],[81.445,17.926],[81.397,17.844],[81.315,17.812],[81.228,17.826],[81.121,17.828],[81.038,17.786],[80.997,17.895],[80.974,17.977],[80.952,18.072],[80.975,18.152],[80.893,18.134],[80.864,18.217],[80.762,18.163],[80.784,18.243],[80.735,18.339],[80.691,18.419],[80.634,18.501],[80.54,18.583],[80.455,18.625],[80.371,18.603],[80.296,18.686],[80.255,18.766],[80.335,18.806],[80.309,18.886],[80.267,18.981],[80.316,19.065],[80.336,19.148],[80.379,19.233],[80.462,19.308],[80.559,19.398],[80.604,19.312],[80.684,19.32],[80.766,19.308],[80.809,19.397],[80.892,19.466],[80.836,19.549],[80.721,19.608],[80.665,19.691],[80.582,19.738],[80.542,19.819],[80.46,19.811],[80.49,19.894],[80.408,19.906],[80.502,19.925],[80.535,20.011],[80.535,20.092],[80.451,20.145],[80.388,20.231],[80.476,20.274],[80.584,20.319],[80.587,20.401],[80.605,20.481],[80.617,20.562],[80.53,20.59],[80.547,20.671],[80.552,20.753],[80.55,20.846],[80.538,20.926],[80.456,20.932],[80.428,21.012],[80.436,21.093],[80.457,21.173],[80.539,21.199],[80.62,21.242],[80.664,21.325],[80.695,21.406],[80.724,21.488],[80.719,21.568],[80.711,21.649],[80.726,21.729],[80.808,21.746],[80.837,21.827],[80.825,21.908],[80.855,21.989],[80.895,22.077],[80.979,22.048],[80.987,22.131],[81.016,22.214],[81.097,22.277],[81.107,22.362],[81.123,22.448],[81.21,22.454],[81.292,22.489],[81.373,22.511],[81.453,22.491],[81.536,22.533],[81.622,22.544],[81.657,22.632],[81.737,22.669],[81.778,22.758],[81.765,22.841],[81.856,22.891],[81.94,22.957],[81.918,23.041],[82.002,23.078],[82.086,23.109],[82.14,23.19],[82.174,23.272],[82.143,23.354],[82.057,23.394],[81.976,23.413],[81.949,23.497],[81.862,23.514],[81.763,23.551],[81.682,23.527],[81.587,23.555],[81.613,23.661],[81.673,23.743],[81.631,23.831],[81.637,23.914],[81.721,23.861],[81.806,23.81],[81.894,23.844],[81.984,23.862],[82.072,23.82],[82.156,23.822],[82.249,23.82],[82.331,23.805],[82.423,23.806],[82.507,23.785],[82.59,23.825],[82.655,23.906],[82.743,23.921],[82.841,23.95],[82.923,23.893],[83.021,23.883],[83.127,23.89],[83.211,23.96],[83.277,24.046],[83.328,24.1]]]}},{"type":"Feature","properties":{"NAME_1":"Dadra and Nagar Haveli"},"geometry":{"type":"Polygon","coordinates":[[[72.99,20.292],[73.072,20.327],[73.152,20.317],[73.11,20.232],[73.191,20.199],[73.218,20.106],[73.137,20.085],[73.053,20.068],[72.986,20.158],[72.958,20.241],[72.99,20.292]]]}},{"type":"Feature","properties":{"NAME_1":"Daman and Diu"},"geometry":{"type":"MultiPolygon","coordinates":[[[[72.86,20.471],[72.876,20.381],[72.848,20.461],[72.86,20.471]]],[[[70.768,20.962],[70.849,20.967],[70.9,20.886],[70.82,20.858],[70.864,20.774],[70.836,20.693],[70.755,20.722],[70.675,20.757],[70.679,20.844],[70.719,20.937],[70.768,20.962]]]]}},{"type":"Feature","properties":{"NAME_1":"Delhi"},"geometry":{"type":"Polygon","coordinates":[[[77.217,28.835],[77.253,28.753],[77.318,28.672],[77.295,28.582],[77.322,28.499],[77.237,28.48],[77.154,28.421],[77.09,28.505],[77.006,28.543],[76.923,28.519],[76.838,28.557],[76.878,28.638],[76.951,28.736],[76.942,28.821],[77.025,28.836],[77.107,28.868],[77.193,28.865],[77.217,28.835]]]}},{"type":"Feature","properties":{"NAME_1":"Goa"},"geometry":{"type":"MultiPolygon","coordinates":[[[[73.88,15.779],[73.957,15.697],[73.993,15.616],[74.074,15.627],[74.155,15.65],[74.237,15.662],[74.257,15.575],[74.256,15.49],[74.281,15.409],[74.328,15.313],[74.294,15.232],[74.301,15.15],[74.287,15.069],[74.271,14.98],[74.19,14.952],[74.104,14.904],[74.035,14.984],[73.967,15.065],[73.948,15.145],[73.928,15.226],[73.903,15.306],[73.823,15.371],[73.85,15.451],[73.768,15.49],[73.742,15.571],[73.715,15.651],[73.758,15.733],[73.838,15.749],[73.88,15.779]]]]}},{"type":"Feature","properties":{"NAME_1":"Gujarat"},"geometry":{"type":"MultiPolygon","coordinates":[[[[68.482,23.597],[68.433,23.517],[68.48,23.597],[68.482,23.597]]],[[[68.358,23.805],[68.418,23.724],[68.381,23.644],[68.301,23.593],[68.221,23.59],[68.302,23.648],[68.337,23.728],[68.358,23.805]]],[[[68.308,23.824],[68.322,23.743],[68.306,23.823],[68.308,23.824]]],[[[68.497,23.831],[68.512,23.751],[68.495,23.831],[68.497,23.831]]],[[[68.396,23.878],[68.412,23.798],[68.332,23.79],[68.376,23.87],[68.396,23.878]]],[[[68.449,23.938],[68.371,23.858],[68.447,23.938],[68.449,23.938]]],[[[68.535,23.946],[68.527,23.866],[68.535,23.946],[68.535,23.946]]],[[[68.482,23.993],[68.507,23.912],[68.47,23.992],[68.482,23.993]]],[[[68.43,23.995],[68.388,23.915],[68.337,23.832],[68.263,23.751],[68.212,23.831],[68.293,23.873],[68.345,23.953],[68.426,23.994],[68.43,23.995]]],[[[72.102,24.643],[72.186,24.609],[72.274,24.622],[72.293,24.54],[72.374,24.537],[72.446,24.448],[72.542,24.505],[72.639,24.461],[72.717,24.376],[72.815,24.358],[72.901,24.351],[72.991,24.364],[72.981,24.451],[73.067,24.475],[73.085,24.394],[73.17,24.351],[73.116,24.263],[73.091,24.175],[73.172,24.111],[73.229,24.028],[73.311,24.055],[73.397,24.073],[73.405,23.991],[73.386,23.906],[73.373,23.822],[73.455,23.74],[73.507,23.658],[73.609,23.654],[73.643,23.57],[73.641,23.473],[73.726,23.413],[73.827,23.447],[73.891,23.359],[73.979,23.368],[74.077,23.298],[74.134,23.215],[74.229,23.184],[74.281,23.101],[74.351,23.016],[74.362,22.933],[74.444,22.923],[74.472,22.833],[74.417,22.751],[74.385,22.67],[74.304,22.64],[74.223,22.582],[74.139,22.52],[74.056,22.548],[74.078,22.466],[74.159,22.435],[74.247,22.437],[74.206,22.354],[74.124,22.358],[74.065,22.276],[74.124,22.193],[74.129,22.108],[74.117,22.025],[74.099,21.938],[74.012,21.901],[73.922,21.857],[73.842,21.839],[73.846,21.742],[73.894,21.657],[73.809,21.636],[73.834,21.553],[73.926,21.52],[74.019,21.551],[74.1,21.557],[74.18,21.562],[74.26,21.535],[74.178,21.461],[74.098,21.455],[74.018,21.419],[73.952,21.331],[73.872,21.267],[73.832,21.185],[73.742,21.167],[73.636,21.133],[73.736,21.103],[73.774,21.022],[73.857,20.998],[73.917,20.915],[73.948,20.829],[73.945,20.749],[73.864,20.694],[73.834,20.614],[73.748,20.567],[73.666,20.563],[73.591,20.645],[73.508,20.659],[73.419,20.66],[73.484,20.578],[73.476,20.495],[73.43,20.414],[73.425,20.321],[73.423,20.237],[73.336,20.204],[73.256,20.128],[73.18,20.209],[73.099,20.173],[73.125,20.257],[73.118,20.343],[73.037,20.291],[72.951,20.292],[72.969,20.211],[72.889,20.226],[72.835,20.145],[72.755,20.133],[72.747,20.213],[72.757,20.293],[72.843,20.399],[72.862,20.48],[72.89,20.56],[72.887,20.642],[72.855,20.723],[72.847,20.803],[72.799,20.884],[72.745,20.965],[72.724,21.046],[72.707,21.127],[72.626,21.09],[72.62,21.17],[72.597,21.253],[72.611,21.334],[72.655,21.414],[72.668,21.497],[72.605,21.577],[72.685,21.636],[72.766,21.647],[72.686,21.68],[72.606,21.682],[72.526,21.678],[72.544,21.758],[72.548,21.839],[72.506,21.922],[72.509,22.002],[72.528,22.082],[72.553,22.163],[72.64,22.218],[72.72,22.184],[72.8,22.239],[72.881,22.225],[72.799,22.258],[72.718,22.236],[72.637,22.284],[72.557,22.259],[72.476,22.2],[72.447,22.281],[72.41,22.361],[72.417,22.28],[72.4,22.2],[72.32,22.146],[72.306,22.065],[72.285,21.984],[72.269,22.064],[72.189,22.021],[72.183,21.941],[72.255,21.859],[72.262,21.779],[72.274,21.698],[72.301,21.618],[72.264,21.537],[72.235,21.457],[72.167,21.377],[72.111,21.296],[72.105,21.215],[72.023,21.154],[71.943,21.12],[71.863,21.086],[71.783,21.04],[71.703,21.013],[71.622,20.968],[71.542,20.948],[71.46,20.881],[71.379,20.874],[71.296,20.835],[71.216,20.803],[71.133,20.757],[71.053,20.733],[70.972,20.74],[70.892,20.708],[70.865,20.79],[70.884,20.873],[70.88,20.955],[70.794,20.959],[70.713,20.906],[70.676,20.819],[70.595,20.779],[70.515,20.818],[70.434,20.856],[70.354,20.908],[70.274,20.963],[70.194,21.026],[70.113,21.096],[70.033,21.173],[69.958,21.253],[69.887,21.334],[69.817,21.414],[69.744,21.494],[69.748,21.575],[69.664,21.626],[69.72,21.545],[69.64,21.6],[69.559,21.657],[69.479,21.733],[69.399,21.798],[69.319,21.866],[69.239,21.937],[69.162,22.017],[69.09,22.098],[69.012,22.178],[68.958,22.258],[68.956,22.338],[68.991,22.418],[69.071,22.477],[69.068,22.397],[69.148,22.403],[69.164,22.322],[69.245,22.265],[69.325,22.299],[69.409,22.316],[69.49,22.353],[69.5,22.433],[69.58,22.368],[69.66,22.383],[69.722,22.463],[69.802,22.405],[69.84,22.486],[69.92,22.497],[70.001,22.547],[70.082,22.548],[70.162,22.552],[70.22,22.632],[70.255,22.712],[70.31,22.793],[70.357,22.873],[70.429,22.953],[70.48,23.034],[70.4,23.029],[70.387,22.948],[70.307,22.946],[70.227,22.967],[70.145,22.951],[70.065,22.903],[69.984,22.899],[69.903,22.867],[69.823,22.855],[69.743,22.788],[69.663,22.757],[69.582,22.764],[69.501,22.788],[69.421,22.798],[69.34,22.824],[69.26,22.827],[69.18,22.847],[69.1,22.896],[69.02,22.942],[68.94,22.982],[68.86,23.031],[68.779,23.075],[68.698,23.128],[68.618,23.194],[68.636,23.274],[68.717,23.297],[68.637,23.317],[68.564,23.398],[68.501,23.479],[68.495,23.56],[68.493,23.64],[68.56,23.72],[68.64,23.775],[68.72,23.827],[68.64,23.837],[68.56,23.792],[68.568,23.873],[68.649,23.906],[68.565,23.924],[68.686,23.962],[68.761,24.1],[68.762,24.191],[68.764,24.284],[68.848,24.208],[68.934,24.269],[69.014,24.229],[69.105,24.266],[69.19,24.236],[69.271,24.264],[69.362,24.266],[69.443,24.271],[69.528,24.259],[69.613,24.268],[69.693,24.198],[69.825,24.167],[69.906,24.166],[70.0,24.166],[70.088,24.235],[70.191,24.308],[70.297,24.34],[70.46,24.387],[70.56,24.419],[70.577,24.327],[70.584,24.244],[70.69,24.223],[70.791,24.222],[70.883,24.254],[70.945,24.334],[71.025,24.345],[71.121,24.391],[71.029,24.433],[71.015,24.523],[71.01,24.616],[71.092,24.668],[71.197,24.643],[71.287,24.613],[71.368,24.627],[71.451,24.659],[71.537,24.679],[71.618,24.668],[71.716,24.654],[71.799,24.671],[71.881,24.676],[71.962,24.638],[72.052,24.706],[72.102,24.643]]]]}},{"type":"Feature","properties":{"NAME_1":"Haryana"},"geometry":{"type":"Polygon","coordinates":[[[76.837,30.879],[76.927,30.854],[76.991,30.773],[77.077,30.745],[77.153,30.659],[77.133,30.578],[77.2,30.489],[77.282,30.462],[77.37,30.446],[77.451,30.465],[77.536,30.409],[77.575,30.326],[77.506,30.242],[77.424,30.168],[77.357,30.084],[77.276,30.05],[77.232,29.966],[77.182,29.882],[77.154,29.798],[77.14,29.717],[77.105,29.636],[77.11,29.553],[77.114,29.47],[77.147,29.39],[77.142,29.302],[77.128,29.218],[77.139,29.135],[77.162,29.052],[77.191,28.962],[77.178,28.88],[77.083,28.875],[76.99,28.839],[76.947,28.751],[76.923,28.669],[76.835,28.591],[76.879,28.509],[76.968,28.528],[77.049,28.515],[77.131,28.439],[77.215,28.416],[77.271,28.497],[77.36,28.498],[77.444,28.429],[77.466,28.341],[77.502,28.258],[77.532,28.17],[77.469,28.086],[77.535,27.993],[77.475,27.912],[77.393,27.859],[77.306,27.832],[77.222,27.798],[77.141,27.786],[77.056,27.811],[77.059,27.731],[76.979,27.706],[76.897,27.672],[76.891,27.761],[76.928,27.844],[76.919,27.925],[76.922,28.006],[76.951,28.096],[76.899,28.179],[76.819,28.215],[76.739,28.129],[76.658,28.099],[76.66,28.019],[76.577,27.995],[76.496,28.044],[76.486,28.128],[76.397,28.148],[76.309,28.183],[76.297,28.101],[76.317,28.021],[76.233,28.056],[76.174,27.975],[76.2,27.892],[76.173,27.807],[76.088,27.868],[76.005,27.857],[75.924,27.933],[75.986,28.015],[75.942,28.106],[76.028,28.173],[76.007,28.253],[75.951,28.333],[75.841,28.397],[75.747,28.469],[75.664,28.521],[75.618,28.602],[75.538,28.661],[75.526,28.743],[75.513,28.837],[75.467,28.926],[75.511,29.011],[75.43,29.056],[75.374,29.137],[75.392,29.218],[75.309,29.289],[75.223,29.235],[75.125,29.245],[75.04,29.287],[74.953,29.282],[74.927,29.365],[74.841,29.404],[74.757,29.356],[74.676,29.368],[74.596,29.328],[74.564,29.411],[74.593,29.492],[74.57,29.586],[74.585,29.675],[74.598,29.758],[74.512,29.741],[74.492,29.827],[74.505,29.908],[74.586,29.915],[74.681,29.949],[74.767,29.973],[74.85,29.959],[74.932,29.923],[75.014,29.865],[75.095,29.905],[75.093,29.819],[75.175,29.83],[75.221,29.733],[75.173,29.649],[75.228,29.559],[75.312,29.649],[75.384,29.734],[75.498,29.778],[75.593,29.749],[75.678,29.757],[75.761,29.819],[75.841,29.781],[75.923,29.735],[76.004,29.751],[76.086,29.81],[76.167,29.818],[76.184,29.916],[76.193,29.997],[76.227,30.077],[76.204,30.159],[76.286,30.117],[76.375,30.124],[76.462,30.099],[76.555,30.099],[76.639,30.185],[76.548,30.234],[76.651,30.299],[76.735,30.354],[76.758,30.439],[76.84,30.421],[76.921,30.385],[76.898,30.468],[76.902,30.551],[76.881,30.633],[76.836,30.714],[76.841,30.799],[76.763,30.893],[76.837,30.879]]]}},{"type":"Feature","properties":{"NAME_1":"Himachal Pradesh"},"geometry":{"type":"Polygon","coordinates":[[[76.803,33.237],[76.803,33.156],[76.885,33.097],[76.957,33.017],[77.052,32.991],[77.136,32.98],[77.218,32.897],[77.305,32.854],[77.387,32.886],[77.473,32.879],[77.554,32.913],[77.638,32.956],[77.723,32.964],[77.766,32.88],[77.848,32.828],[77.914,32.745],[77.927,32.663],[78.017,32.587],[78.099,32.66],[78.18,32.67],[78.273,32.703],[78.364,32.763],[78.363,32.672],[78.332,32.585],[78.306,32.478],[78.394,32.529],[78.462,32.448],[78.485,32.368],[78.466,32.284],[78.562,32.237],[78.576,32.157],[78.657,32.084],[78.737,32.004],[78.74,31.92],[78.722,31.838],[78.72,31.756],[78.781,31.676],[78.815,31.594],[78.73,31.544],[78.779,31.463],[78.827,31.381],[78.87,31.291],[78.936,31.206],[78.997,31.118],[78.913,31.116],[78.829,31.136],[78.72,31.197],[78.638,31.208],[78.556,31.227],[78.47,31.204],[78.386,31.27],[78.298,31.288],[78.212,31.239],[78.119,31.214],[78.039,31.187],[77.955,31.179],[77.873,31.123],[77.815,31.034],[77.817,30.954],[77.736,30.964],[77.784,30.882],[77.717,30.799],[77.734,30.717],[77.772,30.632],[77.807,30.549],[77.721,30.478],[77.64,30.452],[77.558,30.39],[77.478,30.413],[77.395,30.421],[77.311,30.454],[77.227,30.489],[77.146,30.538],[77.16,30.631],[77.122,30.712],[77.038,30.753],[76.954,30.811],[76.902,30.897],[76.816,30.896],[76.726,30.939],[76.633,30.991],[76.605,31.078],[76.591,31.16],[76.593,31.246],[76.511,31.283],[76.428,31.289],[76.391,31.379],[76.3,31.344],[76.215,31.308],[76.134,31.383],[76.116,31.465],[76.077,31.546],[76.003,31.647],[75.966,31.733],[75.922,31.817],[75.913,31.917],[75.814,31.983],[75.734,32.037],[75.649,32.077],[75.662,32.165],[75.634,32.245],[75.736,32.274],[75.819,32.355],[75.911,32.409],[75.855,32.5],[75.886,32.592],[75.905,32.672],[75.912,32.757],[75.828,32.84],[75.803,32.924],[75.9,32.916],[75.983,32.9],[76.066,32.958],[76.152,33.023],[76.237,33.033],[76.288,33.113],[76.374,33.173],[76.456,33.183],[76.542,33.207],[76.627,33.162],[76.708,33.181],[76.797,33.241],[76.803,33.237]]]}},{"type":"Feature","properties":{"NAME_1":"Jammu and Kashmir"},"geometry":{"type":"Polygon","coordinates":[[[77.9,35.428],[77.991,35.487],[78.079,35.492],[77.997,35.394],[78.002,35.298],[78.043,35.202],[78.124,35.135],[78.115,35.015],[78.167,34.912],[78.207,34.766],[78.266,34.679],[78.387,34.652],[78.482,34.603],[78.569,34.612],[78.652,34.538],[78.736,34.492],[78.825,34.414],[78.915,34.379],[78.993,34.289],[78.942,34.205],[78.859,34.152],[78.774,34.115],[78.766,34.033],[78.716,33.949],[78.742,33.84],[78.775,33.746],[78.709,33.661],[78.758,33.571],[78.819,33.489],[78.921,33.399],[79.004,33.336],[79.067,33.255],[79.157,33.198],[79.315,33.189],[79.399,33.187],[79.393,33.105],[79.353,33.023],[79.381,32.94],[79.465,32.817],[79.545,32.736],[79.558,32.631],[79.464,32.593],[79.362,32.538],[79.27,32.518],[79.183,32.501],[79.121,32.418],[79.025,32.367],[78.924,32.363],[78.836,32.425],[78.776,32.516],[78.78,32.598],[78.764,32.678],[78.664,32.656],[78.559,32.612],[78.473,32.578],[78.382,32.53],[78.279,32.508],[78.341,32.593],[78.364,32.686],[78.273,32.703],[78.184,32.664],[78.099,32.66],[78.017,32.587],[77.932,32.656],[77.912,32.737],[77.855,32.821],[77.768,32.858],[77.748,32.939],[77.665,32.986],[77.584,32.944],[77.494,32.882],[77.41,32.878],[77.328,32.82],[77.248,32.865],[77.167,32.928],[77.084,32.974],[76.998,32.99],[76.918,33.034],[76.877,33.114],[76.819,33.206],[76.734,33.193],[76.651,33.172],[76.568,33.207],[76.469,33.18],[76.385,33.183],[76.292,33.12],[76.237,33.033],[76.152,33.023],[76.07,32.962],[75.987,32.901],[75.9,32.916],[75.808,32.93],[75.816,32.847],[75.9,32.77],[75.899,32.681],[75.886,32.592],[75.825,32.509],[75.744,32.469],[75.663,32.394],[75.567,32.372],[75.506,32.281],[75.415,32.324],[75.332,32.345],[75.237,32.396],[75.148,32.413],[75.063,32.482],[74.979,32.448],[74.897,32.467],[74.799,32.484],[74.698,32.485],[74.648,32.572],[74.676,32.658],[74.662,32.755],[74.697,32.84],[74.614,32.758],[74.532,32.741],[74.451,32.817],[74.414,32.904],[74.327,32.913],[74.352,33.013],[74.255,33.049],[74.157,33.126],[74.056,33.187],[74.103,33.271],[74.185,33.384],[74.186,33.466],[74.097,33.569],[74.015,33.598],[73.976,33.694],[74.028,33.776],[74.13,33.828],[74.22,33.867],[74.263,33.955],[74.215,34.039],[74.132,34.053],[74.044,34.03],[73.909,34.033],[73.904,34.122],[73.977,34.212],[73.941,34.302],[73.842,34.338],[73.79,34.427],[73.899,34.496],[73.942,34.592],[73.942,34.677],[74.034,34.694],[74.117,34.691],[74.203,34.737],[74.287,34.774],[74.368,34.803],[74.474,34.791],[74.561,34.774],[74.648,34.723],[74.728,34.689],[74.836,34.678],[74.928,34.678],[75.019,34.641],[75.106,34.656],[75.207,34.646],[75.335,34.572],[75.465,34.543],[75.552,34.538],[75.644,34.534],[75.729,34.516],[75.81,34.548],[75.912,34.601],[76.0,34.636],[76.086,34.671],[76.193,34.655],[76.275,34.694],[76.386,34.736],[76.469,34.792],[76.562,34.758],[76.652,34.757],[76.738,34.831],[76.743,34.918],[76.826,34.942],[76.908,34.962],[76.989,34.935],[77.01,35.016],[77.11,35.039],[77.195,35.079],[77.281,35.138],[77.379,35.198],[77.485,35.267],[77.585,35.324],[77.736,35.434],[77.819,35.493],[77.9,35.428]]]}},{"type":"Feature","properties":{"NAME_1":"Jharkhand"},"geometry":{"type":"Polygon","coordinates":[[[87.6,25.315],[87.684,25.31],[87.769,25.247],[87.773,25.16],[87.793,25.076],[87.877,25.028],[87.95,24.945],[87.922,24.86],[87.865,24.779],[87.898,24.695],[87.902,24.613],[87.82,24.568],[87.82,24.486],[87.807,24.404],[87.764,24.323],[87.683,24.249],[87.696,24.167],[87.616,24.165],[87.563,24.085],[87.483,24.014],[87.4,23.994],[87.32,23.999],[87.238,24.041],[87.278,23.958],[87.27,23.873],[87.189,23.841],[87.108,23.802],[87.022,23.841],[86.936,23.845],[86.854,23.832],[86.819,23.752],[86.738,23.678],[86.649,23.683],[86.565,23.646],[86.481,23.635],[86.4,23.589],[86.354,23.496],[86.273,23.439],[86.192,23.464],[86.153,23.548],[86.071,23.578],[86.047,23.494],[85.957,23.462],[85.874,23.476],[85.885,23.387],[85.861,23.303],[85.832,23.218],[85.912,23.134],[85.996,23.144],[86.081,23.104],[86.162,23.034],[86.245,22.995],[86.326,22.992],[86.411,22.987],[86.497,22.99],[86.448,22.902],[86.422,22.809],[86.479,22.722],[86.574,22.695],[86.632,22.61],[86.728,22.575],[86.791,22.494],[86.818,22.412],[86.829,22.329],[86.816,22.249],[86.734,22.211],[86.651,22.233],[86.571,22.293],[86.484,22.344],[86.401,22.319],[86.32,22.38],[86.228,22.45],[86.145,22.475],[86.062,22.549],[85.981,22.51],[85.982,22.429],[86.006,22.349],[85.985,22.267],[86.027,22.185],[85.993,22.1],[85.943,22.019],[85.847,21.977],[85.761,21.99],[85.785,22.072],[85.705,22.054],[85.62,22.078],[85.54,22.087],[85.457,22.136],[85.372,22.152],[85.287,22.093],[85.241,22.013],[85.159,22.062],[85.076,22.103],[84.994,22.077],[85.028,22.157],[85.068,22.243],[85.09,22.325],[85.077,22.408],[84.994,22.458],[84.908,22.42],[84.813,22.432],[84.726,22.417],[84.632,22.429],[84.543,22.417],[84.456,22.375],[84.372,22.349],[84.289,22.337],[84.194,22.372],[84.138,22.457],[84.051,22.512],[84.048,22.594],[84.132,22.636],[84.215,22.665],[84.242,22.748],[84.32,22.836],[84.386,22.917],[84.289,22.962],[84.201,22.999],[84.129,23.082],[84.045,23.131],[84.054,23.213],[84.059,23.304],[83.975,23.365],[83.97,23.448],[84.023,23.544],[84.004,23.626],[83.922,23.565],[83.838,23.581],[83.748,23.627],[83.735,23.714],[83.708,23.795],[83.611,23.853],[83.539,23.934],[83.515,24.016],[83.433,24.055],[83.346,24.097],[83.369,24.181],[83.402,24.266],[83.434,24.347],[83.401,24.437],[83.462,24.518],[83.542,24.526],[83.645,24.516],[83.731,24.509],[83.816,24.531],[83.903,24.542],[83.992,24.638],[84.072,24.57],[84.101,24.488],[84.182,24.516],[84.263,24.537],[84.293,24.451],[84.374,24.391],[84.455,24.339],[84.542,24.377],[84.623,24.404],[84.707,24.472],[84.79,24.522],[84.873,24.466],[84.901,24.382],[84.99,24.412],[85.076,24.44],[85.158,24.424],[85.239,24.489],[85.323,24.526],[85.403,24.545],[85.486,24.551],[85.568,24.565],[85.665,24.582],[85.663,24.665],[85.708,24.748],[85.811,24.794],[85.902,24.77],[86.0,24.751],[86.087,24.746],[86.128,24.666],[86.166,24.584],[86.249,24.585],[86.303,24.498],[86.373,24.416],[86.455,24.374],[86.491,24.454],[86.524,24.536],[86.609,24.607],[86.695,24.569],[86.776,24.616],[86.857,24.557],[86.93,24.643],[87.01,24.606],[87.067,24.688],[87.083,24.773],[87.114,24.856],[87.152,24.937],[87.144,25.018],[87.227,25.088],[87.308,25.15],[87.392,25.228],[87.472,25.195],[87.494,25.275],[87.579,25.344],[87.6,25.315]]]}},{"type":"Feature","properties":{"NAME_1":"Karnataka"},"geometry":{"type":"MultiPolygon","coordinates":[[[[77.337,18.435],[77.398,18.354],[77.445,18.27],[77.54,18.294],[77.574,18.2],[77.601,18.099],[77.587,18.013],[77.62,17.93],[77.566,17.85],[77.554,17.761],[77.474,17.701],[77.446,17.612],[77.527,17.573],[77.608,17.531],[77.688,17.499],[77.604,17.443],[77.523,17.437],[77.499,17.354],[77.45,17.27],[77.368,17.183],[77.448,17.111],[77.492,17.022],[77.464,16.94],[77.46,16.855],[77.437,16.763],[77.465,16.678],[77.465,16.597],[77.412,16.514],[77.33,16.481],[77.245,16.472],[77.333,16.388],[77.422,16.363],[77.51,16.37],[77.592,16.338],[77.501,16.268],[77.495,16.187],[77.509,16.104],[77.499,16.017],[77.509,15.921],[77.426,15.942],[77.335,15.943],[77.249,15.958],[77.157,15.944],[77.077,15.91],[77.024,15.829],[77.043,15.734],[77.125,15.659],[77.036,15.632],[77.029,15.525],[77.015,15.441],[77.038,15.359],[77.124,15.288],[77.156,15.194],[77.148,15.107],[77.088,15.023],[77.001,15.03],[76.919,15.029],[76.837,15.072],[76.766,14.991],[76.864,14.964],[76.843,14.881],[76.835,14.8],[76.786,14.707],[76.763,14.612],[76.8,14.528],[76.88,14.471],[76.969,14.479],[76.901,14.398],[76.906,14.315],[76.951,14.234],[77.033,14.24],[77.116,14.257],[77.152,14.338],[77.245,14.315],[77.343,14.271],[77.426,14.321],[77.496,14.24],[77.503,14.157],[77.416,14.169],[77.372,14.072],[77.373,13.982],[77.419,13.895],[77.353,13.976],[77.273,14.008],[77.171,14.009],[77.091,14.038],[77.01,14.092],[77.02,14.173],[76.939,14.187],[76.947,14.103],[76.931,14.023],[77.014,13.939],[77.007,13.854],[76.986,13.767],[77.071,13.739],[77.158,13.755],[77.146,13.835],[77.17,13.916],[77.253,13.856],[77.335,13.829],[77.419,13.834],[77.459,13.75],[77.54,13.744],[77.621,13.727],[77.702,13.731],[77.778,13.813],[77.811,13.895],[77.896,13.908],[77.979,13.948],[77.946,13.84],[78.038,13.853],[78.118,13.777],[78.105,13.684],[78.186,13.621],[78.281,13.578],[78.361,13.579],[78.367,13.495],[78.367,13.415],[78.397,13.332],[78.484,13.288],[78.564,13.283],[78.566,13.201],[78.513,13.12],[78.465,13.035],[78.424,12.954],[78.457,12.866],[78.369,12.902],[78.276,12.849],[78.229,12.762],[78.148,12.763],[78.066,12.819],[77.981,12.796],[77.924,12.878],[77.844,12.856],[77.782,12.771],[77.75,12.687],[77.668,12.651],[77.585,12.612],[77.578,12.523],[77.618,12.443],[77.606,12.36],[77.524,12.281],[77.469,12.197],[77.556,12.187],[77.645,12.189],[77.726,12.167],[77.751,12.081],[77.681,11.991],[77.596,11.929],[77.514,11.926],[77.451,11.844],[77.421,11.76],[77.326,11.759],[77.242,11.802],[77.155,11.774],[77.072,11.725],[76.99,11.799],[76.907,11.781],[76.854,11.699],[76.838,11.619],[76.751,11.607],[76.664,11.605],[76.581,11.609],[76.513,11.694],[76.431,11.657],[76.407,11.741],[76.324,11.739],[76.232,11.796],[76.149,11.861],[76.108,11.971],[76.023,11.935],[75.937,11.933],[75.851,11.957],[75.799,12.04],[75.717,12.062],[75.637,12.14],[75.555,12.176],[75.504,12.26],[75.424,12.287],[75.419,12.37],[75.367,12.452],[75.286,12.52],[75.289,12.605],[75.208,12.583],[75.161,12.664],[75.079,12.667],[74.993,12.733],[74.909,12.763],[74.829,12.841],[74.807,12.922],[74.79,13.002],[74.779,13.083],[74.755,13.164],[74.732,13.245],[74.712,13.325],[74.697,13.407],[74.688,13.49],[74.678,13.571],[74.663,13.651],[74.638,13.733],[74.621,13.814],[74.594,13.894],[74.525,13.974],[74.498,14.055],[74.481,14.135],[74.45,14.216],[74.425,14.297],[74.404,14.377],[74.377,14.457],[74.383,14.539],[74.303,14.569],[74.279,14.65],[74.256,14.73],[74.175,14.75],[74.095,14.799],[74.102,14.879],[74.187,14.953],[74.267,14.967],[74.295,15.054],[74.291,15.135],[74.307,15.219],[74.328,15.313],[74.285,15.402],[74.256,15.49],[74.254,15.573],[74.255,15.654],[74.173,15.652],[74.155,15.732],[74.235,15.787],[74.319,15.753],[74.389,15.836],[74.412,15.925],[74.453,16.006],[74.371,16.051],[74.455,16.103],[74.502,16.185],[74.421,16.264],[74.34,16.268],[74.324,16.354],[74.341,16.436],[74.26,16.491],[74.34,16.55],[74.422,16.584],[74.51,16.631],[74.592,16.556],[74.675,16.606],[74.695,16.692],[74.775,16.741],[74.868,16.771],[74.912,16.856],[74.938,16.941],[75.03,16.942],[75.119,16.91],[75.216,16.84],[75.284,16.943],[75.364,16.964],[75.454,16.983],[75.543,16.963],[75.631,16.967],[75.654,17.055],[75.649,17.139],[75.663,17.228],[75.614,17.319],[75.615,17.41],[75.697,17.411],[75.782,17.379],[75.865,17.386],[75.96,17.334],[76.055,17.354],[76.138,17.353],[76.229,17.363],[76.317,17.329],[76.402,17.344],[76.373,17.434],[76.366,17.517],[76.373,17.598],[76.489,17.661],[76.524,17.759],[76.604,17.756],[76.688,17.679],[76.719,17.761],[76.766,17.851],[76.847,17.896],[76.92,17.985],[76.949,18.068],[76.933,18.158],[77.024,18.163],[77.109,18.153],[77.148,18.238],[77.2,18.319],[77.236,18.4],[77.317,18.454],[77.337,18.435]]]]}},{"type":"Feature","properties":{"NAME_1":"Kerala"},"geometry":{"type":"MultiPolygon","coordinates":[[[[75.127,12.205],[75.152,12.125],[75.125,12.205],[75.127,12.205]]],[[[74.996,12.788],[75.014,12.708],[75.099,12.693],[75.183,12.627],[75.268,12.606],[75.28,12.523],[75.363,12.465],[75.381,12.385],[75.43,12.302],[75.511,12.253],[75.56,12.169],[75.641,12.133],[75.728,12.064],[75.81,12.024],[75.877,11.941],[75.959,11.929],[76.042,11.943],[76.109,11.859],[76.196,11.856],[76.284,11.785],[76.372,11.736],[76.428,11.648],[76.34,11.581],[76.26,11.587],[76.242,11.505],[76.334,11.459],[76.418,11.405],[76.51,11.361],[76.516,11.272],[76.44,11.191],[76.521,11.19],[76.602,11.195],[76.697,11.231],[76.691,11.145],[76.734,11.064],[76.678,10.98],[76.711,10.896],[76.818,10.862],[76.898,10.771],[76.862,10.686],[76.81,10.604],[76.825,10.503],[76.807,10.415],[76.826,10.334],[76.892,10.243],[76.975,10.214],[77.061,10.286],[77.148,10.334],[77.232,10.277],[77.27,10.197],[77.255,10.116],[77.237,10.035],[77.259,9.953],[77.201,9.87],[77.234,9.789],[77.19,9.706],[77.162,9.62],[77.245,9.569],[77.325,9.563],[77.384,9.479],[77.327,9.394],[77.287,9.31],[77.259,9.224],[77.252,9.143],[77.191,9.062],[77.158,8.978],[77.206,8.893],[77.231,8.812],[77.157,8.731],[77.195,8.649],[77.26,8.549],[77.199,8.46],[77.154,8.377],[77.073,8.311],[76.993,8.376],[76.931,8.457],[76.864,8.537],[76.799,8.618],[76.735,8.698],[76.676,8.778],[76.611,8.858],[76.537,8.939],[76.518,9.019],[76.48,9.1],[76.453,9.18],[76.406,9.26],[76.37,9.34],[76.337,9.421],[76.316,9.502],[76.302,9.583],[76.293,9.663],[76.284,9.744],[76.271,9.824],[76.255,9.905],[76.321,9.824],[76.341,9.742],[76.332,9.823],[76.369,9.743],[76.392,9.663],[76.367,9.582],[76.448,9.528],[76.429,9.608],[76.414,9.689],[76.377,9.769],[76.372,9.85],[76.307,9.93],[76.273,10.01],[76.26,10.09],[76.235,10.01],[76.192,10.091],[76.167,10.172],[76.139,10.252],[76.116,10.333],[76.085,10.414],[76.046,10.495],[76.006,10.577],[75.97,10.657],[75.933,10.738],[75.904,10.819],[75.887,10.9],[75.868,10.98],[75.847,11.061],[75.843,11.141],[75.781,11.221],[75.753,11.302],[75.72,11.382],[75.66,11.463],[75.597,11.543],[75.568,11.623],[75.53,11.704],[75.488,11.784],[75.408,11.833],[75.328,11.9],[75.293,11.98],[75.297,12.064],[75.379,12.122],[75.293,12.116],[75.225,12.032],[75.194,12.112],[75.135,12.192],[75.092,12.273],[75.06,12.353],[75.008,12.433],[74.969,12.514],[74.936,12.595],[74.902,12.675],[74.876,12.755],[74.96,12.779],[74.996,12.788]]]]}},{"type":"Feature","properties":{"NAME_1":"Madhya Pradesh"},"geometry":{"type":"Polygon","coordinates":[[[78.365,26.869],[78.446,26.803],[78.526,26.779],[78.606,26.758],[78.69,26.796],[78.771,26.764],[78.851,26.716],[78.948,26.697],[79.005,26.614],[79.034,26.533],[79.058,26.451],[79.077,26.366],[79.086,26.284],[79.01,26.203],[78.97,26.12],[78.949,26.039],[78.927,25.955],[78.883,25.875],[78.856,25.794],[78.776,25.761],[78.809,25.678],[78.724,25.608],[78.629,25.569],[78.547,25.565],[78.462,25.567],[78.422,25.48],[78.337,25.435],[78.327,25.349],[78.362,25.265],[78.409,25.182],[78.348,25.1],[78.335,25.011],[78.252,24.94],[78.17,24.885],[78.218,24.792],[78.251,24.706],[78.268,24.622],[78.224,24.541],[78.26,24.46],[78.345,24.392],[78.341,24.312],[78.423,24.289],[78.484,24.378],[78.567,24.357],[78.654,24.274],[78.735,24.252],[78.816,24.209],[78.91,24.273],[78.967,24.354],[78.987,24.434],[78.903,24.478],[78.93,24.564],[78.873,24.647],[78.777,24.593],[78.755,24.674],[78.769,24.755],[78.769,24.844],[78.68,24.897],[78.632,24.984],[78.639,25.066],[78.596,25.149],[78.563,25.239],[78.454,25.271],[78.539,25.32],[78.595,25.409],[78.675,25.438],[78.709,25.354],[78.79,25.426],[78.828,25.51],[78.91,25.559],[78.93,25.469],[78.978,25.383],[78.897,25.365],[78.817,25.317],[78.835,25.233],[78.86,25.315],[78.943,25.345],[78.946,25.264],[78.87,25.183],[78.953,25.221],[79.045,25.231],[79.022,25.147],[79.103,25.171],[79.185,25.151],[79.269,25.126],[79.278,25.211],[79.256,25.292],[79.345,25.334],[79.427,25.258],[79.384,25.17],[79.468,25.134],[79.55,25.169],[79.633,25.133],[79.718,25.134],[79.805,25.111],[79.855,25.199],[79.941,25.27],[80.024,25.345],[80.107,25.344],[80.188,25.384],[80.274,25.425],[80.31,25.341],[80.352,25.26],[80.424,25.174],[80.338,25.121],[80.275,25.039],[80.355,25.024],[80.435,25.081],[80.515,25.088],[80.596,25.078],[80.679,25.082],[80.766,25.061],[80.715,25.143],[80.798,25.146],[80.878,25.196],[80.872,25.109],[80.84,25.02],[80.815,24.938],[80.898,24.942],[80.979,24.938],[81.076,24.952],[81.158,24.943],[81.236,25.029],[81.248,25.112],[81.33,25.172],[81.413,25.132],[81.495,25.082],[81.53,25.163],[81.613,25.171],[81.609,25.085],[81.705,25.038],[81.789,25.01],[81.874,25.002],[81.91,24.92],[81.955,24.839],[82.037,24.833],[82.126,24.794],[82.209,24.798],[82.244,24.716],[82.296,24.636],[82.386,24.597],[82.402,24.684],[82.487,24.676],[82.574,24.663],[82.658,24.7],[82.743,24.644],[82.801,24.553],[82.716,24.557],[82.724,24.476],[82.708,24.389],[82.764,24.292],[82.732,24.201],[82.701,24.097],[82.746,24.013],[82.75,23.93],[82.668,23.908],[82.59,23.825],[82.507,23.785],[82.423,23.806],[82.343,23.804],[82.255,23.822],[82.174,23.839],[82.089,23.818],[82.008,23.855],[81.916,23.873],[81.832,23.821],[81.745,23.831],[81.668,23.916],[81.628,23.834],[81.674,23.754],[81.648,23.668],[81.57,23.58],[81.614,23.498],[81.706,23.534],[81.798,23.549],[81.879,23.518],[81.961,23.46],[82.037,23.38],[82.118,23.354],[82.174,23.272],[82.14,23.19],[82.119,23.107],[82.028,23.082],[81.938,23.078],[81.938,22.992],[81.862,22.905],[81.769,22.874],[81.774,22.786],[81.756,22.698],[81.663,22.633],[81.621,22.548],[81.536,22.533],[81.453,22.491],[81.373,22.511],[81.292,22.489],[81.21,22.454],[81.123,22.448],[81.107,22.362],[81.097,22.277],[81.016,22.22],[81.016,22.133],[80.988,22.052],[80.906,22.114],[80.869,22.034],[80.82,21.954],[80.84,21.872],[80.824,21.791],[80.743,21.758],[80.714,21.677],[80.709,21.594],[80.724,21.512],[80.702,21.431],[80.668,21.349],[80.587,21.329],[80.506,21.391],[80.425,21.375],[80.405,21.456],[80.342,21.537],[80.26,21.62],[80.177,21.624],[80.096,21.587],[80.015,21.547],[79.931,21.556],[79.851,21.538],[79.769,21.59],[79.685,21.581],[79.599,21.551],[79.511,21.583],[79.491,21.664],[79.408,21.686],[79.322,21.688],[79.229,21.724],[79.148,21.661],[79.051,21.604],[78.962,21.606],[78.923,21.524],[78.828,21.49],[78.746,21.494],[78.664,21.481],[78.581,21.49],[78.498,21.523],[78.416,21.573],[78.328,21.581],[78.247,21.564],[78.143,21.482],[78.051,21.437],[77.96,21.401],[77.876,21.386],[77.796,21.406],[77.705,21.359],[77.615,21.391],[77.529,21.379],[77.457,21.467],[77.45,21.548],[77.535,21.539],[77.568,21.621],[77.536,21.708],[77.453,21.764],[77.353,21.759],[77.267,21.729],[77.184,21.704],[77.104,21.723],[77.023,21.694],[76.912,21.615],[76.823,21.593],[76.77,21.511],[76.738,21.429],[76.629,21.34],[76.659,21.253],[76.576,21.204],[76.491,21.198],[76.453,21.115],[76.372,21.079],[76.286,21.076],[76.189,21.09],[76.114,21.17],[76.158,21.254],[76.116,21.339],[76.035,21.365],[75.948,21.393],[75.863,21.387],[75.774,21.387],[75.69,21.388],[75.609,21.395],[75.525,21.387],[75.444,21.391],[75.361,21.403],[75.277,21.409],[75.196,21.423],[75.115,21.46],[75.072,21.542],[74.992,21.592],[74.912,21.617],[74.832,21.611],[74.751,21.618],[74.671,21.65],[74.591,21.664],[74.514,21.744],[74.517,21.856],[74.497,21.946],[74.446,22.027],[74.366,21.992],[74.286,21.935],[74.206,21.925],[74.117,21.999],[74.168,22.082],[74.132,22.164],[74.089,22.247],[74.068,22.331],[74.154,22.329],[74.235,22.378],[74.205,22.461],[74.123,22.421],[74.086,22.505],[74.168,22.541],[74.25,22.623],[74.331,22.644],[74.403,22.731],[74.452,22.811],[74.466,22.894],[74.382,22.91],[74.358,23.0],[74.36,23.08],[74.445,23.093],[74.535,23.102],[74.618,23.152],[74.716,23.195],[74.68,23.275],[74.599,23.284],[74.518,23.329],[74.573,23.419],[74.655,23.464],[74.738,23.507],[74.819,23.541],[74.906,23.623],[74.923,23.714],[74.93,23.794],[74.907,23.877],[74.941,23.961],[74.981,24.041],[74.939,24.121],[74.881,24.214],[74.79,24.272],[74.783,24.355],[74.846,24.441],[74.761,24.489],[74.755,24.571],[74.793,24.652],[74.781,24.741],[74.862,24.692],[74.943,24.66],[74.992,24.744],[74.91,24.788],[74.846,24.872],[74.826,24.952],[74.907,24.929],[74.988,24.876],[75.074,24.887],[75.119,24.975],[75.201,25.034],[75.293,25.043],[75.334,24.951],[75.299,24.87],[75.399,24.888],[75.313,24.814],[75.23,24.857],[75.19,24.775],[75.286,24.726],[75.378,24.706],[75.483,24.698],[75.569,24.72],[75.659,24.702],[75.742,24.76],[75.828,24.736],[75.849,24.653],[75.917,24.571],[75.912,24.486],[75.829,24.423],[75.749,24.428],[75.738,24.348],[75.819,24.268],[75.759,24.18],[75.833,24.096],[75.771,24.012],[75.691,23.989],[75.607,23.996],[75.514,24.049],[75.462,23.968],[75.529,23.88],[75.612,23.807],[75.697,23.785],[75.707,23.868],[75.791,23.872],[75.872,23.888],[75.967,23.93],[75.959,24.01],[76.04,24.067],[76.123,24.092],[76.129,24.175],[76.15,24.261],[76.236,24.224],[76.318,24.251],[76.4,24.223],[76.484,24.215],[76.566,24.176],[76.616,24.263],[76.697,24.261],[76.695,24.176],[76.776,24.153],[76.856,24.139],[76.944,24.199],[76.867,24.281],[76.839,24.365],[76.838,24.451],[76.814,24.532],[76.898,24.544],[76.96,24.46],[77.05,24.527],[77.061,24.611],[77.035,24.698],[76.952,24.765],[76.868,24.75],[76.817,24.832],[76.908,24.845],[76.892,24.929],[76.854,25.01],[76.953,25.048],[77.039,25.068],[77.128,25.089],[77.221,25.11],[77.303,25.084],[77.387,25.122],[77.411,25.207],[77.369,25.289],[77.354,25.37],[77.273,25.412],[77.218,25.331],[77.136,25.324],[77.053,25.321],[76.959,25.297],[76.873,25.324],[76.773,25.316],[76.681,25.345],[76.599,25.405],[76.547,25.49],[76.512,25.572],[76.511,25.673],[76.522,25.766],[76.585,25.868],[76.674,25.912],[76.756,25.916],[76.837,26.002],[76.883,26.086],[76.969,26.124],[77.053,26.186],[77.143,26.238],[77.238,26.263],[77.318,26.346],[77.402,26.369],[77.494,26.414],[77.579,26.451],[77.668,26.508],[77.75,26.547],[77.834,26.612],[77.924,26.665],[78.012,26.7],[78.096,26.744],[78.176,26.791],[78.261,26.821],[78.341,26.874],[78.365,26.869]]]}},{"type":"Feature","properties":{"NAME_1":"Maharashtra"},"geometry":{"type":"MultiPolygon","coordinates":[[[[74.436,22.031],[74.49,21.947],[74.517,21.856],[74.508,21.776],[74.561,21.696],[74.642,21.656],[74.722,21.624],[74.802,21.61],[74.883,21.632],[74.963,21.6],[75.054,21.567],[75.1,21.485],[75.188,21.427],[75.277,21.409],[75.358,21.396],[75.444,21.391],[75.525,21.387],[75.609,21.395],[75.69,21.388],[75.774,21.387],[75.859,21.387],[75.948,21.393],[76.035,21.365],[76.116,21.339],[76.158,21.254],[76.167,21.171],[76.167,21.09],[76.262,21.095],[76.357,21.08],[76.438,21.108],[76.482,21.188],[76.575,21.204],[76.658,21.248],[76.626,21.33],[76.719,21.401],[76.79,21.482],[76.78,21.562],[76.861,21.612],[76.979,21.666],[77.059,21.709],[77.148,21.715],[77.24,21.717],[77.321,21.757],[77.405,21.757],[77.489,21.75],[77.559,21.669],[77.572,21.588],[77.484,21.553],[77.438,21.473],[77.483,21.39],[77.565,21.373],[77.646,21.393],[77.734,21.365],[77.818,21.409],[77.899,21.378],[77.98,21.403],[78.064,21.439],[78.169,21.499],[78.269,21.571],[78.355,21.577],[78.439,21.504],[78.52,21.525],[78.601,21.487],[78.684,21.482],[78.764,21.474],[78.848,21.491],[78.932,21.487],[78.92,21.569],[79.0,21.61],[79.082,21.607],[79.186,21.654],[79.272,21.709],[79.362,21.68],[79.451,21.684],[79.507,21.602],[79.59,21.55],[79.685,21.581],[79.769,21.59],[79.851,21.538],[79.931,21.556],[80.012,21.546],[80.093,21.585],[80.173,21.624],[80.255,21.621],[80.338,21.539],[80.405,21.459],[80.401,21.378],[80.481,21.397],[80.564,21.358],[80.644,21.325],[80.625,21.244],[80.544,21.2],[80.462,21.173],[80.436,21.093],[80.428,21.012],[80.456,20.932],[80.542,20.934],[80.55,20.846],[80.546,20.765],[80.58,20.684],[80.49,20.64],[80.579,20.614],[80.61,20.532],[80.595,20.446],[80.605,20.366],[80.527,20.285],[80.437,20.258],[80.393,20.177],[80.477,20.139],[80.541,20.048],[80.532,19.967],[80.444,19.953],[80.498,19.869],[80.417,19.809],[80.498,19.829],[80.579,19.744],[80.661,19.698],[80.656,19.617],[80.758,19.59],[80.841,19.534],[80.876,19.448],[80.794,19.429],[80.826,19.348],[80.743,19.286],[80.658,19.324],[80.573,19.398],[80.481,19.338],[80.428,19.254],[80.362,19.169],[80.32,19.088],[80.272,18.997],[80.291,18.908],[80.349,18.824],[80.265,18.763],[80.191,18.679],[80.111,18.676],[80.03,18.749],[79.94,18.782],[79.941,18.877],[79.936,18.958],[79.926,19.042],[79.871,19.123],[79.923,19.203],[79.945,19.284],[79.967,19.375],[79.945,19.459],[79.864,19.514],[79.778,19.598],[79.696,19.581],[79.611,19.549],[79.526,19.546],[79.441,19.534],[79.341,19.574],[79.255,19.611],[79.237,19.527],[79.14,19.501],[79.06,19.539],[78.978,19.551],[78.968,19.639],[78.878,19.657],[78.854,19.738],[78.773,19.779],[78.686,19.79],[78.604,19.818],[78.519,19.82],[78.429,19.823],[78.347,19.881],[78.367,19.795],[78.345,19.714],[78.296,19.632],[78.285,19.55],[78.312,19.466],[78.224,19.434],[78.18,19.353],[78.183,19.261],[78.099,19.245],[78.018,19.296],[77.937,19.336],[77.867,19.255],[77.854,19.172],[77.848,19.09],[77.762,19.062],[77.767,18.981],[77.854,18.952],[77.899,18.868],[77.828,18.786],[77.787,18.694],[77.748,18.605],[77.662,18.533],[77.577,18.484],[77.549,18.388],[77.555,18.298],[77.475,18.262],[77.393,18.301],[77.41,18.389],[77.326,18.449],[77.24,18.409],[77.217,18.325],[77.151,18.238],[77.109,18.153],[77.022,18.178],[76.933,18.158],[76.947,18.074],[76.92,17.991],[76.897,17.908],[76.811,17.884],[76.776,17.799],[76.703,17.719],[76.623,17.758],[76.538,17.759],[76.485,17.67],[76.382,17.601],[76.366,17.517],[76.334,17.432],[76.411,17.348],[76.317,17.345],[76.23,17.37],[76.146,17.348],[76.063,17.352],[75.981,17.336],[75.898,17.351],[75.817,17.401],[75.737,17.422],[75.656,17.468],[75.598,17.386],[75.606,17.303],[75.664,17.214],[75.65,17.133],[75.648,17.047],[75.678,16.964],[75.576,17.008],[75.492,16.943],[75.395,16.976],[75.306,16.955],[75.283,16.874],[75.188,16.841],[75.107,16.91],[75.011,16.943],[74.929,16.935],[74.913,16.841],[74.85,16.76],[74.769,16.739],[74.689,16.684],[74.669,16.603],[74.582,16.555],[74.498,16.627],[74.414,16.58],[74.332,16.554],[74.296,16.467],[74.36,16.379],[74.349,16.291],[74.436,16.255],[74.495,16.169],[74.489,16.087],[74.408,16.091],[74.456,16.009],[74.412,15.925],[74.389,15.844],[74.351,15.763],[74.271,15.752],[74.171,15.75],[74.098,15.666],[74.013,15.609],[73.966,15.695],[73.882,15.749],[73.798,15.725],[73.711,15.72],[73.658,15.801],[73.604,15.881],[73.524,15.937],[73.489,16.017],[73.461,16.097],[73.442,16.178],[73.415,16.258],[73.386,16.338],[73.362,16.419],[73.329,16.5],[73.327,16.581],[73.332,16.663],[73.306,16.743],[73.297,16.824],[73.279,16.904],[73.294,16.986],[73.288,17.067],[73.266,17.147],[73.242,17.227],[73.244,17.307],[73.2,17.388],[73.194,17.468],[73.142,17.549],[73.133,17.629],[73.135,17.709],[73.112,17.79],[73.079,17.87],[73.029,17.954],[73.036,18.034],[72.978,18.114],[72.988,18.195],[72.937,18.276],[73.018,18.246],[73.069,18.165],[73.067,18.245],[73.084,18.327],[73.003,18.285],[72.922,18.349],[72.904,18.43],[72.911,18.511],[72.904,18.591],[72.863,18.672],[72.865,18.753],[72.945,18.824],[72.91,18.904],[72.99,18.968],[72.998,19.049],[72.914,19.0],[72.833,18.921],[72.811,19.002],[72.826,19.083],[72.822,19.163],[72.827,19.244],[72.797,19.324],[72.762,19.405],[72.769,19.485],[72.721,19.567],[72.713,19.647],[72.694,19.727],[72.682,19.808],[72.683,19.888],[72.71,19.969],[72.713,20.049],[72.738,20.133],[72.826,20.146],[72.884,20.227],[72.969,20.211],[72.973,20.131],[73.059,20.068],[73.14,20.084],[73.221,20.121],[73.311,20.207],[73.395,20.209],[73.431,20.298],[73.415,20.382],[73.449,20.467],[73.486,20.564],[73.403,20.643],[73.484,20.709],[73.567,20.648],[73.651,20.576],[73.738,20.574],[73.825,20.614],[73.829,20.696],[73.909,20.725],[73.94,20.809],[73.927,20.899],[73.906,20.983],[73.821,20.995],[73.744,21.082],[73.66,21.108],[73.743,21.147],[73.829,21.182],[73.832,21.267],[73.924,21.281],[73.957,21.362],[74.037,21.42],[74.119,21.449],[74.199,21.461],[74.28,21.476],[74.314,21.557],[74.233,21.548],[74.153,21.551],[74.072,21.56],[73.984,21.542],[73.897,21.506],[73.825,21.598],[73.896,21.7],[73.838,21.784],[73.922,21.857],[74.005,21.899],[74.099,21.938],[74.179,21.937],[74.26,21.933],[74.341,21.975],[74.436,22.031]]]]}},{"type":"Feature","properties":{"NAME_1":"Manipur"},"geometry":{"type":"Polygon","coordinates":[[[94.577,25.648],[94.56,25.568],[94.597,25.486],[94.682,25.46],[94.627,25.375],[94.599,25.289],[94.592,25.205],[94.677,25.165],[94.75,25.08],[94.713,24.994],[94.694,24.91],[94.635,24.829],[94.618,24.744],[94.541,24.649],[94.46,24.567],[94.406,24.482],[94.365,24.4],[94.328,24.319],[94.292,24.223],[94.258,24.143],[94.247,24.063],[94.201,23.978],[94.168,23.889],[94.085,23.893],[94.002,23.931],[93.921,23.957],[93.838,23.932],[93.757,24.009],[93.674,24.008],[93.593,23.968],[93.509,23.949],[93.441,24.035],[93.357,24.109],[93.274,24.034],[93.178,24.054],[93.095,24.08],[93.014,24.105],[93.003,24.194],[93.008,24.28],[93.02,24.366],[93.038,24.461],[93.053,24.545],[93.079,24.626],[93.076,24.71],[93.108,24.791],[93.19,24.806],[93.235,24.89],[93.259,24.973],[93.304,25.056],[93.347,25.138],[93.38,25.221],[93.46,25.295],[93.541,25.245],[93.629,25.236],[93.674,25.317],[93.742,25.4],[93.814,25.485],[93.892,25.568],[93.973,25.561],[94.054,25.577],[94.139,25.524],[94.22,25.5],[94.303,25.495],[94.389,25.537],[94.474,25.622],[94.565,25.681],[94.577,25.648]]]}},{"type":"Feature","properties":{"NAME_1":"Meghalaya"},"geometry":{"type":"Polygon","coordinates":[[[91.854,26.105],[91.912,26.024],[91.998,26.039],[92.079,26.042],[92.169,26.078],[92.251,26.064],[92.181,25.975],[92.216,25.894],[92.153,25.813],[92.164,25.729],[92.248,25.711],[92.334,25.725],[92.416,25.74],[92.488,25.65],[92.565,25.568],[92.648,25.592],[92.606,25.508],[92.607,25.427],[92.688,25.404],[92.769,25.34],[92.765,25.249],[92.683,25.182],[92.598,25.125],[92.51,25.105],[92.426,25.032],[92.346,25.056],[92.261,25.088],[92.181,25.129],[92.098,25.181],[92.018,25.189],[91.934,25.186],[91.853,25.178],[91.772,25.171],[91.691,25.138],[91.61,25.144],[91.53,25.144],[91.446,25.149],[91.366,25.174],[91.283,25.198],[91.199,25.2],[91.116,25.195],[91.034,25.184],[90.953,25.167],[90.871,25.159],[90.789,25.178],[90.708,25.163],[90.627,25.173],[90.545,25.174],[90.465,25.153],[90.383,25.163],[90.302,25.194],[90.219,25.208],[90.135,25.226],[90.053,25.264],[89.971,25.303],[89.89,25.29],[89.823,25.376],[89.855,25.46],[89.875,25.542],[89.957,25.57],[89.947,25.659],[89.895,25.744],[89.945,25.824],[90.028,25.894],[90.111,25.954],[90.194,25.957],[90.278,25.963],[90.365,26.01],[90.447,25.997],[90.53,25.962],[90.629,25.937],[90.713,25.952],[90.797,25.941],[90.88,25.946],[90.961,25.928],[91.009,25.838],[91.121,25.831],[91.203,25.841],[91.189,25.739],[91.276,25.747],[91.332,25.832],[91.413,25.854],[91.496,25.862],[91.518,25.953],[91.576,26.033],[91.63,25.945],[91.714,25.947],[91.725,26.027],[91.808,26.104],[91.854,26.105]]]}},{"type":"Feature","properties":{"NAME_1":"Mizoram"},"geometry":{"type":"Polygon","coordinates":[[[92.801,24.419],[92.884,24.403],[92.971,24.401],[93.035,24.318],[93.018,24.236],[92.993,24.153],[93.074,24.1],[93.158,24.084],[93.242,24.087],[93.337,24.053],[93.353,23.972],[93.396,23.887],[93.41,23.799],[93.416,23.718],[93.433,23.619],[93.428,23.538],[93.401,23.457],[93.396,23.374],[93.381,23.294],[93.387,23.211],[93.382,23.128],[93.337,23.044],[93.253,23.006],[93.172,23.051],[93.143,22.969],[93.136,22.883],[93.103,22.792],[93.095,22.711],[93.124,22.63],[93.116,22.546],[93.142,22.463],[93.197,22.38],[93.202,22.3],[93.156,22.217],[93.072,22.209],[93.059,22.128],[93.0,22.04],[92.919,21.974],[92.87,22.054],[92.789,22.109],[92.708,22.154],[92.687,22.07],[92.638,21.989],[92.6,22.069],[92.614,22.15],[92.598,22.232],[92.587,22.317],[92.564,22.403],[92.551,22.492],[92.534,22.575],[92.532,22.656],[92.511,22.737],[92.461,22.817],[92.429,22.899],[92.38,22.981],[92.392,23.061],[92.366,23.142],[92.363,23.225],[92.388,23.309],[92.363,23.389],[92.331,23.469],[92.317,23.551],[92.282,23.633],[92.28,23.714],[92.264,23.8],[92.317,23.881],[92.313,23.97],[92.317,24.051],[92.329,24.132],[92.316,24.213],[92.407,24.252],[92.438,24.17],[92.522,24.173],[92.606,24.249],[92.623,24.331],[92.704,24.376],[92.744,24.475],[92.801,24.419]]]}},{"type":"Feature","properties":{"NAME_1":"Nagaland"},"geometry":{"type":"Polygon","coordinates":[[[95.214,26.937],[95.193,26.851],[95.229,26.768],[95.236,26.688],[95.155,26.619],[95.121,26.534],[95.066,26.45],[95.132,26.367],[95.127,26.285],[95.128,26.203],[95.121,26.122],[95.165,26.039],[95.088,25.958],[95.015,25.872],[95.048,25.788],[94.984,25.704],[94.921,25.615],[94.837,25.55],[94.757,25.492],[94.67,25.455],[94.587,25.492],[94.562,25.578],[94.582,25.661],[94.502,25.62],[94.42,25.543],[94.329,25.508],[94.232,25.498],[94.148,25.532],[94.065,25.566],[93.98,25.571],[93.9,25.569],[93.82,25.544],[93.805,25.463],[93.731,25.38],[93.666,25.298],[93.613,25.206],[93.529,25.248],[93.458,25.33],[93.463,25.411],[93.386,25.493],[93.377,25.574],[93.459,25.633],[93.544,25.702],[93.624,25.784],[93.704,25.854],[93.75,25.937],[93.784,25.854],[93.869,25.855],[93.96,25.905],[93.961,25.997],[93.986,26.084],[94.004,26.164],[94.049,26.25],[94.119,26.33],[94.177,26.413],[94.224,26.501],[94.311,26.466],[94.391,26.533],[94.408,26.614],[94.493,26.672],[94.575,26.691],[94.659,26.725],[94.742,26.774],[94.822,26.849],[94.886,26.932],[94.967,26.936],[95.055,26.941],[95.137,26.994],[95.214,26.937]]]}},{"type":"Feature","properties":{"NAME_1":"Orissa"},"geometry":{"type":"MultiPolygon","coordinates":[[[[86.871,20.772],[86.952,20.767],[86.882,20.686],[86.802,20.676],[86.829,20.757],[86.871,20.772]]],[[[86.078,22.53],[86.166,22.477],[86.26,22.441],[86.347,22.359],[86.433,22.302],[86.52,22.321],[86.603,22.278],[86.692,22.217],[86.777,22.149],[86.909,22.086],[86.99,22.049],[87.02,21.968],[87.017,21.887],[87.1,21.911],[87.188,21.957],[87.247,21.872],[87.309,21.789],[87.391,21.77],[87.468,21.684],[87.46,21.604],[87.379,21.546],[87.296,21.555],[87.214,21.547],[87.134,21.515],[87.053,21.477],[86.973,21.401],[86.899,21.319],[86.848,21.239],[86.826,21.158],[86.848,21.078],[86.899,20.998],[86.931,20.917],[86.966,20.836],[86.886,20.795],[86.807,20.714],[86.766,20.632],[86.846,20.651],[86.926,20.708],[87.006,20.696],[86.926,20.632],[86.846,20.579],[86.764,20.504],[86.733,20.423],[86.778,20.343],[86.698,20.279],[86.618,20.237],[86.537,20.201],[86.469,20.12],[86.549,20.194],[86.485,20.114],[86.416,20.034],[86.336,20.011],[86.256,20.059],[86.329,19.978],[86.249,19.912],[86.167,19.881],[86.086,19.858],[86.005,19.839],[85.925,19.823],[85.845,19.801],[85.764,19.774],[85.682,19.746],[85.602,19.708],[85.519,19.668],[85.439,19.632],[85.359,19.591],[85.279,19.542],[85.198,19.485],[85.117,19.425],[85.037,19.35],[84.957,19.296],[84.877,19.228],[84.805,19.148],[84.725,19.097],[84.642,19.125],[84.6,19.033],[84.51,19.037],[84.43,19.001],[84.429,18.914],[84.347,18.86],[84.312,18.779],[84.231,18.78],[84.148,18.772],[84.066,18.752],[83.982,18.8],[83.902,18.817],[83.842,18.898],[83.803,18.982],[83.771,18.901],[83.717,18.983],[83.667,19.064],[83.63,19.145],[83.582,19.063],[83.495,19.011],[83.415,18.978],[83.333,19.0],[83.329,18.917],[83.411,18.859],[83.33,18.794],[83.245,18.758],[83.156,18.757],[83.071,18.697],[83.021,18.61],[83.082,18.527],[83.015,18.444],[82.978,18.361],[82.892,18.367],[82.799,18.439],[82.784,18.354],[82.703,18.308],[82.62,18.236],[82.589,18.318],[82.54,18.402],[82.524,18.483],[82.437,18.497],[82.367,18.417],[82.357,18.334],[82.334,18.252],[82.319,18.171],[82.335,18.09],[82.271,17.998],[82.185,18.007],[82.092,18.053],[82.007,18.049],[81.925,17.981],[81.84,17.95],[81.758,17.893],[81.678,17.878],[81.594,17.819],[81.511,17.807],[81.426,17.821],[81.448,17.903],[81.473,17.983],[81.495,18.069],[81.523,18.157],[81.524,18.249],[81.606,18.299],[81.699,18.344],[81.798,18.44],[81.874,18.52],[81.955,18.587],[81.961,18.668],[82.049,18.718],[82.131,18.77],[82.158,18.852],[82.24,18.91],[82.227,18.994],[82.209,19.079],[82.179,19.159],[82.152,19.239],[82.183,19.32],[82.178,19.406],[82.097,19.461],[82.043,19.544],[82.051,19.632],[82.044,19.714],[82.008,19.797],[81.924,19.869],[81.839,19.945],[81.865,20.029],[81.955,20.091],[82.024,20.01],[82.105,20.018],[82.194,19.981],[82.283,19.918],[82.339,19.83],[82.421,19.898],[82.502,19.882],[82.591,19.866],[82.579,19.785],[82.66,19.824],[82.7,19.907],[82.707,19.99],[82.624,19.998],[82.532,20.012],[82.451,20.035],[82.391,20.119],[82.414,20.202],[82.429,20.283],[82.403,20.365],[82.419,20.446],[82.342,20.538],[82.366,20.62],[82.344,20.71],[82.339,20.79],[82.347,20.884],[82.437,20.83],[82.503,20.914],[82.595,20.997],[82.632,21.087],[82.721,21.159],[82.804,21.153],[82.887,21.154],[82.972,21.156],[83.06,21.116],[83.149,21.12],[83.208,21.201],[83.275,21.286],[83.27,21.367],[83.375,21.34],[83.374,21.422],[83.338,21.503],[83.368,21.597],[83.45,21.617],[83.458,21.7],[83.467,21.783],[83.549,21.835],[83.588,21.926],[83.549,22.007],[83.574,22.089],[83.612,22.177],[83.693,22.246],[83.775,22.267],[83.861,22.344],[83.943,22.358],[84.026,22.419],[83.976,22.502],[84.058,22.51],[84.136,22.421],[84.226,22.374],[84.315,22.339],[84.419,22.351],[84.502,22.415],[84.589,22.425],[84.669,22.416],[84.753,22.442],[84.836,22.428],[84.916,22.423],[85.0,22.458],[85.081,22.395],[85.088,22.314],[85.069,22.231],[85.026,22.148],[85.109,22.08],[85.192,22.051],[85.274,22.08],[85.358,22.12],[85.457,22.136],[85.537,22.09],[85.62,22.078],[85.705,22.054],[85.791,22.1],[85.762,22.018],[85.847,21.977],[85.929,22.019],[85.993,22.1],[86.027,22.185],[85.985,22.267],[86.006,22.349],[85.982,22.429],[85.981,22.51],[86.062,22.549],[86.078,22.53]]]]}},{"type":"Feature","properties":{"NAME_1":"Puducherry"},"geometry":{"type":"MultiPolygon","coordinates":[[[[79.748,10.982],[79.834,10.977],[79.852,10.895],[79.851,10.815],[79.767,10.873],[79.715,10.953],[79.748,10.982]]],[[[79.69,12.001],[79.737,11.91],[79.818,11.94],[79.816,11.86],[79.728,11.832],[79.704,11.913],[79.647,11.993],[79.69,12.001]]],[[[75.375,12.149],[75.299,12.067],[75.282,11.986],[75.224,12.074],[75.311,12.125],[75.375,12.149]]],[[[82.211,16.728],[82.294,16.743],[82.203,16.708],[82.211,16.728]]]]}},{"type":"Feature","properties":{"NAME_1":"Punjab"},"geometry":{"type":"Polygon","coordinates":[[[75.869,32.489],[75.872,32.398],[75.785,32.324],[75.705,32.267],[75.623,32.235],[75.655,32.146],[75.599,32.066],[75.69,32.062],[75.774,32.001],[75.857,31.969],[75.931,31.884],[75.933,31.797],[75.973,31.715],[76.018,31.622],[76.084,31.537],[76.123,31.454],[76.135,31.362],[76.223,31.313],[76.316,31.347],[76.357,31.43],[76.413,31.348],[76.498,31.273],[76.602,31.251],[76.589,31.165],[76.608,31.084],[76.612,31.002],[76.694,30.972],[76.769,30.877],[76.847,30.793],[76.759,30.799],[76.718,30.717],[76.803,30.675],[76.884,30.627],[76.892,30.544],[76.895,30.456],[76.903,30.368],[76.823,30.423],[76.738,30.425],[76.724,30.344],[76.626,30.284],[76.546,30.259],[76.633,30.21],[76.625,30.121],[76.534,30.083],[76.452,30.101],[76.42,30.198],[76.326,30.149],[76.245,30.122],[76.201,30.042],[76.203,29.952],[76.242,29.869],[76.153,29.816],[76.07,29.776],[75.989,29.742],[75.903,29.746],[75.82,29.815],[75.733,29.811],[75.65,29.775],[75.569,29.743],[75.444,29.808],[75.382,29.727],[75.308,29.633],[75.238,29.552],[75.172,29.639],[75.194,29.725],[75.198,29.813],[75.102,29.803],[75.103,29.897],[75.014,29.865],[74.932,29.923],[74.85,29.959],[74.767,29.973],[74.683,29.961],[74.586,29.915],[74.467,29.945],[74.372,29.95],[74.29,29.956],[74.186,29.96],[74.083,29.967],[74.003,29.97],[73.891,29.97],[73.898,30.054],[73.961,30.134],[73.965,30.224],[73.932,30.305],[73.88,30.391],[73.963,30.458],[74.04,30.538],[74.117,30.623],[74.208,30.688],[74.265,30.773],[74.332,30.853],[74.413,30.906],[74.497,30.967],[74.553,31.061],[74.634,31.053],[74.656,31.134],[74.576,31.09],[74.504,31.171],[74.521,31.251],[74.568,31.335],[74.624,31.423],[74.566,31.503],[74.593,31.592],[74.541,31.681],[74.548,31.763],[74.58,31.844],[74.662,31.919],[74.746,31.942],[74.828,32.005],[74.913,32.065],[74.998,32.029],[75.081,32.056],[75.163,32.068],[75.272,32.113],[75.317,32.193],[75.362,32.274],[75.449,32.331],[75.529,32.349],[75.637,32.387],[75.72,32.43],[75.804,32.487],[75.872,32.575],[75.869,32.489]]]}},{"type":"Feature","properties":{"NAME_1":"Rajasthan"},"geometry":{"type":"Polygon","coordinates":[[[73.889,29.978],[73.976,29.969],[74.069,29.969],[74.154,29.963],[74.241,29.956],[74.322,29.954],[74.404,29.947],[74.519,29.943],[74.547,29.857],[74.465,29.788],[74.549,29.755],[74.579,29.655],[74.571,29.569],[74.59,29.486],[74.569,29.397],[74.65,29.372],[74.732,29.354],[74.835,29.401],[74.922,29.366],[74.953,29.282],[75.04,29.287],[75.125,29.245],[75.212,29.235],[75.3,29.282],[75.388,29.264],[75.394,29.174],[75.381,29.09],[75.473,29.02],[75.469,28.938],[75.498,28.856],[75.516,28.772],[75.535,28.688],[75.585,28.606],[75.665,28.533],[75.747,28.469],[75.828,28.409],[75.922,28.369],[76.019,28.281],[76.066,28.199],[75.977,28.127],[76.011,28.047],[75.968,27.962],[75.973,27.877],[76.055,27.852],[76.143,27.828],[76.223,27.841],[76.166,27.921],[76.159,28.005],[76.244,28.069],[76.324,28.024],[76.301,28.106],[76.384,28.14],[76.465,28.156],[76.486,28.075],[76.536,27.993],[76.616,28.011],[76.648,28.092],[76.732,28.128],[76.801,28.212],[76.887,28.21],[76.956,28.124],[76.932,28.042],[76.92,27.953],[76.928,27.867],[76.896,27.786],[76.912,27.706],[76.994,27.742],[77.078,27.737],[77.038,27.82],[77.12,27.789],[77.202,27.813],[77.291,27.802],[77.298,27.719],[77.332,27.638],[77.334,27.555],[77.411,27.473],[77.462,27.388],[77.543,27.342],[77.613,27.26],[77.655,27.176],[77.556,27.116],[77.561,27.036],[77.643,27.027],[77.723,27.004],[77.642,26.967],[77.557,26.926],[77.474,26.9],[77.439,26.819],[77.521,26.822],[77.601,26.834],[77.682,26.879],[77.765,26.938],[77.849,26.912],[77.932,26.91],[78.014,26.908],[78.099,26.904],[78.19,26.947],[78.201,26.862],[78.119,26.803],[78.089,26.701],[77.992,26.703],[77.904,26.666],[77.82,26.6],[77.739,26.543],[77.655,26.497],[77.569,26.443],[77.475,26.415],[77.395,26.367],[77.312,26.334],[77.208,26.244],[77.124,26.238],[77.035,26.182],[76.954,26.115],[76.873,26.064],[76.819,25.971],[76.733,25.903],[76.646,25.909],[76.549,25.825],[76.53,25.744],[76.499,25.648],[76.516,25.566],[76.551,25.484],[76.603,25.389],[76.703,25.348],[76.795,25.322],[76.882,25.323],[76.993,25.302],[77.075,25.34],[77.162,25.314],[77.244,25.39],[77.329,25.429],[77.344,25.337],[77.362,25.256],[77.391,25.175],[77.328,25.093],[77.242,25.113],[77.158,25.088],[77.077,25.058],[76.994,25.08],[76.91,25.036],[76.872,24.955],[76.943,24.875],[76.857,24.841],[76.845,24.752],[76.946,24.764],[77.027,24.711],[77.061,24.625],[77.053,24.544],[76.965,24.461],[76.913,24.544],[76.831,24.543],[76.848,24.459],[76.852,24.375],[76.864,24.294],[76.928,24.214],[76.9,24.131],[76.815,24.127],[76.729,24.171],[76.701,24.254],[76.616,24.263],[76.58,24.181],[76.497,24.212],[76.414,24.207],[76.327,24.254],[76.24,24.226],[76.206,24.311],[76.147,24.228],[76.132,24.144],[76.047,24.076],[75.96,24.025],[75.981,23.943],[75.897,23.893],[75.814,23.874],[75.731,23.902],[75.716,23.821],[75.626,23.8],[75.538,23.877],[75.456,23.921],[75.492,24.005],[75.574,23.998],[75.659,24.031],[75.748,23.993],[75.83,24.072],[75.743,24.14],[75.774,24.221],[75.811,24.303],[75.74,24.389],[75.787,24.472],[75.875,24.43],[75.893,24.522],[75.874,24.607],[75.842,24.717],[75.76,24.765],[75.659,24.702],[75.569,24.72],[75.483,24.698],[75.396,24.705],[75.304,24.721],[75.224,24.735],[75.217,24.82],[75.207,24.905],[75.29,24.841],[75.4,24.855],[75.318,24.875],[75.27,24.956],[75.351,25.025],[75.266,25.043],[75.185,25.043],[75.115,24.961],[75.09,24.88],[74.998,24.877],[74.916,24.899],[74.833,24.967],[74.84,24.881],[74.849,24.793],[74.929,24.795],[75.013,24.794],[74.999,24.714],[74.915,24.659],[74.829,24.746],[74.805,24.66],[74.754,24.578],[74.751,24.492],[74.834,24.46],[74.793,24.376],[74.753,24.289],[74.839,24.271],[74.897,24.187],[74.961,24.106],[74.992,24.023],[74.93,23.941],[74.907,23.856],[74.939,23.771],[74.91,23.688],[74.886,23.606],[74.803,23.534],[74.719,23.504],[74.636,23.464],[74.572,23.383],[74.544,23.3],[74.627,23.276],[74.71,23.258],[74.642,23.173],[74.546,23.132],[74.458,23.087],[74.367,23.096],[74.287,23.092],[74.257,23.175],[74.165,23.156],[74.137,23.245],[74.049,23.295],[73.971,23.377],[73.879,23.368],[73.794,23.436],[73.714,23.434],[73.633,23.452],[73.637,23.548],[73.642,23.631],[73.553,23.631],[73.477,23.721],[73.394,23.778],[73.362,23.862],[73.419,23.954],[73.411,24.035],[73.373,24.128],[73.298,24.037],[73.208,24.039],[73.161,24.12],[73.087,24.201],[73.144,24.299],[73.226,24.356],[73.145,24.363],[73.107,24.445],[73.022,24.465],[72.963,24.384],[72.868,24.366],[72.773,24.361],[72.693,24.441],[72.604,24.469],[72.519,24.473],[72.437,24.461],[72.362,24.543],[72.272,24.55],[72.353,24.616],[72.261,24.621],[72.176,24.613],[72.091,24.649],[72.007,24.686],[71.919,24.646],[71.839,24.616],[71.758,24.66],[71.67,24.637],[71.59,24.67],[71.504,24.674],[71.422,24.638],[71.326,24.643],[71.242,24.627],[71.147,24.658],[71.063,24.739],[71.024,24.821],[70.962,24.908],[70.926,24.995],[70.905,25.095],[70.861,25.176],[70.766,25.265],[70.723,25.345],[70.68,25.447],[70.677,25.531],[70.679,25.614],[70.666,25.697],[70.575,25.691],[70.49,25.676],[70.409,25.666],[70.285,25.699],[70.224,25.788],[70.145,25.869],[70.091,25.965],[70.08,26.058],[70.126,26.139],[70.167,26.224],[70.167,26.307],[70.178,26.404],[70.184,26.487],[70.15,26.568],[70.066,26.599],[69.955,26.587],[69.856,26.583],[69.772,26.614],[69.69,26.668],[69.608,26.7],[69.522,26.736],[69.486,26.823],[69.504,26.943],[69.537,27.069],[69.578,27.165],[69.666,27.251],[69.794,27.346],[69.908,27.46],[70.0,27.545],[70.051,27.635],[70.108,27.767],[70.181,27.855],[70.281,27.93],[70.366,28.008],[70.46,28.03],[70.563,28.02],[70.651,27.94],[70.676,27.851],[70.722,27.769],[70.819,27.704],[70.907,27.701],[71.034,27.757],[71.125,27.792],[71.209,27.824],[71.326,27.852],[71.41,27.866],[71.5,27.866],[71.587,27.87],[71.681,27.877],[71.766,27.91],[71.859,27.941],[71.912,28.026],[71.928,28.115],[71.996,28.207],[72.091,28.278],[72.184,28.358],[72.236,28.475],[72.28,28.601],[72.326,28.699],[72.41,28.781],[72.504,28.82],[72.588,28.866],[72.668,28.913],[72.786,28.965],[72.888,29.004],[72.976,29.099],[73.032,29.183],[73.098,29.266],[73.147,29.35],[73.202,29.442],[73.262,29.541],[73.298,29.634],[73.325,29.728],[73.354,29.818],[73.385,29.926],[73.467,29.969],[73.562,30.006],[73.653,30.031],[73.754,30.057],[73.838,30.109],[73.923,30.168],[73.932,30.084],[73.881,29.996],[73.889,29.978]]]}},{"type":"Feature","properties":{"NAME_1":"Sikkim"},"geometry":{"type":"Polygon","coordinates":[[[88.645,28.099],[88.729,28.075],[88.817,28.021],[88.836,27.932],[88.881,27.839],[88.856,27.757],[88.847,27.676],[88.795,27.594],[88.786,27.514],[88.795,27.433],[88.879,27.364],[88.907,27.284],[88.827,27.261],[88.779,27.18],[88.691,27.179],[88.607,27.19],[88.521,27.178],[88.46,27.096],[88.371,27.099],[88.278,27.131],[88.196,27.136],[88.096,27.136],[88.047,27.216],[88.044,27.301],[88.047,27.384],[88.059,27.467],[88.072,27.556],[88.123,27.639],[88.157,27.729],[88.188,27.81],[88.127,27.891],[88.21,27.968],[88.29,27.969],[88.375,27.984],[88.456,28.017],[88.538,28.038],[88.611,28.119],[88.645,28.099]]]}},{"type":"Feature","properties":{"NAME_1":"Tamil Nadu"},"geometry":{"type":"MultiPolygon","coordinates":[[[[79.312,9.328],[79.339,9.248],[79.42,9.182],[79.34,9.225],[79.259,9.258],[79.312,9.328]]],[[[80.076,13.527],[80.157,13.479],[80.241,13.47],[80.276,13.389],[80.347,13.308],[80.316,13.228],[80.303,13.148],[80.287,13.067],[80.269,12.986],[80.255,12.905],[80.247,12.817],[80.24,12.736],[80.211,12.656],[80.185,12.575],[80.16,12.493],[80.122,12.413],[80.056,12.333],[79.989,12.252],[79.955,12.172],[79.903,12.092],[79.86,12.012],[79.779,11.946],[79.695,11.993],[79.725,11.892],[79.8,11.808],[79.784,11.728],[79.766,11.647],[79.757,11.567],[79.783,11.487],[79.816,11.406],[79.837,11.325],[79.847,11.244],[79.857,11.16],[79.857,11.077],[79.855,10.995],[79.774,10.971],[79.742,10.891],[79.832,10.811],[79.852,10.73],[79.854,10.648],[79.858,10.566],[79.863,10.483],[79.868,10.402],[79.882,10.322],[79.8,10.274],[79.719,10.319],[79.639,10.319],[79.555,10.312],[79.636,10.295],[79.717,10.284],[79.635,10.289],[79.555,10.301],[79.475,10.337],[79.395,10.318],[79.315,10.273],[79.26,10.193],[79.228,10.112],[79.253,10.032],[79.175,9.951],[79.12,9.871],[79.068,9.791],[78.996,9.71],[78.96,9.63],[78.92,9.548],[78.901,9.468],[78.956,9.388],[79.037,9.317],[79.117,9.289],[79.037,9.266],[78.955,9.272],[78.873,9.257],[78.793,9.228],[78.712,9.19],[78.631,9.154],[78.549,9.137],[78.465,9.127],[78.385,9.092],[78.305,9.029],[78.224,8.974],[78.18,8.893],[78.163,8.813],[78.16,8.732],[78.128,8.652],[78.135,8.571],[78.126,8.491],[78.063,8.41],[77.982,8.341],[77.902,8.287],[77.822,8.249],[77.74,8.175],[77.66,8.158],[77.58,8.137],[77.499,8.086],[77.418,8.102],[77.337,8.125],[77.257,8.172],[77.177,8.23],[77.097,8.293],[77.135,8.379],[77.199,8.46],[77.265,8.543],[77.212,8.629],[77.162,8.715],[77.217,8.797],[77.223,8.878],[77.163,8.962],[77.18,9.045],[77.238,9.13],[77.261,9.217],[77.284,9.301],[77.325,9.384],[77.387,9.467],[77.347,9.549],[77.261,9.567],[77.179,9.601],[77.192,9.686],[77.211,9.766],[77.224,9.849],[77.234,9.938],[77.248,10.02],[77.195,10.106],[77.269,10.187],[77.232,10.277],[77.148,10.334],[77.068,10.29],[76.987,10.22],[76.905,10.225],[76.825,10.294],[76.825,10.375],[76.821,10.48],[76.825,10.562],[76.872,10.654],[76.887,10.737],[76.843,10.823],[76.762,10.88],[76.675,10.906],[76.681,10.993],[76.782,11.029],[76.741,11.11],[76.718,11.192],[76.63,11.191],[76.548,11.193],[76.466,11.199],[76.522,11.281],[76.473,11.375],[76.391,11.428],[76.306,11.453],[76.238,11.533],[76.329,11.589],[76.421,11.625],[76.504,11.698],[76.554,11.613],[76.634,11.604],[76.72,11.605],[76.808,11.596],[76.845,11.677],[76.889,11.761],[76.975,11.791],[77.057,11.777],[77.137,11.772],[77.227,11.784],[77.314,11.77],[77.401,11.764],[77.451,11.844],[77.483,11.929],[77.573,11.924],[77.655,11.937],[77.702,12.027],[77.767,12.109],[77.673,12.181],[77.591,12.191],[77.492,12.187],[77.478,12.27],[77.566,12.317],[77.613,12.398],[77.617,12.486],[77.574,12.567],[77.589,12.648],[77.67,12.671],[77.756,12.697],[77.788,12.781],[77.878,12.859],[77.971,12.823],[78.051,12.832],[78.132,12.77],[78.212,12.755],[78.214,12.675],[78.295,12.654],[78.386,12.614],[78.474,12.659],[78.546,12.744],[78.594,12.833],[78.625,12.914],[78.637,12.997],[78.726,13.053],[78.808,13.078],[78.89,13.02],[78.972,13.075],[79.053,13.038],[79.142,13.01],[79.202,13.09],[79.285,13.123],[79.367,13.166],[79.409,13.247],[79.498,13.315],[79.58,13.245],[79.663,13.268],[79.744,13.195],[79.73,13.275],[79.824,13.302],[79.906,13.339],[79.961,13.428],[80.008,13.508],[80.076,13.527]]]]}},{"type":"Feature","properties":{"NAME_1":"Tripura"},"geometry":{"type":"Polygon","coordinates":[[[92.185,24.523],[92.257,24.436],[92.213,24.249],[92.297,24.252],[92.329,24.166],[92.328,24.085],[92.327,24.004],[92.328,23.924],[92.274,23.844],[92.267,23.762],[92.24,23.681],[92.159,23.738],[92.087,23.657],[92.007,23.682],[91.955,23.596],[91.965,23.516],[91.898,23.435],[91.821,23.351],[91.773,23.27],[91.799,23.189],[91.823,23.109],[91.761,23.025],[91.68,22.996],[91.6,22.97],[91.541,23.05],[91.512,23.132],[91.486,23.212],[91.403,23.238],[91.391,23.158],[91.421,23.077],[91.34,23.145],[91.329,23.229],[91.319,23.31],[91.283,23.392],[91.256,23.475],[91.199,23.556],[91.163,23.639],[91.156,23.723],[91.237,23.808],[91.232,23.888],[91.276,23.97],[91.358,23.985],[91.385,24.07],[91.465,24.099],[91.548,24.078],[91.63,24.101],[91.658,24.181],[91.738,24.143],[91.743,24.247],[91.827,24.213],[91.91,24.142],[91.928,24.223],[91.929,24.308],[91.974,24.389],[92.056,24.376],[92.138,24.41],[92.157,24.494],[92.185,24.523]]]}},{"type":"Feature","properties":{"NAME_1":"Uttar Pradesh"},"geometry":{"type":"Polygon","coordinates":[[[77.585,30.409],[77.666,30.383],[77.748,30.325],[77.829,30.285],[77.91,30.259],[77.888,30.179],[77.822,30.097],[77.749,30.014],[77.719,29.933],[77.731,29.842],[77.762,29.756],[77.811,29.672],[77.9,29.698],[77.977,29.614],[78.059,29.602],[78.166,29.68],[78.265,29.727],[78.351,29.786],[78.432,29.758],[78.507,29.677],[78.561,29.594],[78.65,29.541],[78.732,29.506],[78.817,29.469],[78.9,29.456],[78.835,29.374],[78.747,29.343],[78.79,29.263],[78.871,29.241],[78.895,29.157],[78.979,29.155],[79.059,29.156],[79.142,29.12],[79.159,29.034],[79.239,29.0],[79.321,28.957],[79.401,28.932],[79.483,28.866],[79.563,28.849],[79.644,28.853],[79.728,28.885],[79.809,28.863],[79.895,28.801],[79.953,28.718],[80.033,28.761],[80.12,28.829],[80.202,28.764],[80.293,28.711],[80.373,28.629],[80.458,28.623],[80.542,28.691],[80.635,28.637],[80.716,28.568],[80.801,28.521],[80.884,28.509],[80.966,28.45],[81.048,28.41],[81.15,28.371],[81.232,28.33],[81.282,28.235],[81.33,28.148],[81.412,28.175],[81.48,28.083],[81.581,28.029],[81.676,27.991],[81.757,27.943],[81.842,27.891],[81.928,27.86],[82.027,27.925],[82.116,27.877],[82.198,27.848],[82.305,27.773],[82.403,27.703],[82.484,27.683],[82.564,27.692],[82.657,27.713],[82.738,27.643],[82.75,27.563],[82.837,27.502],[82.923,27.501],[83.018,27.454],[83.113,27.455],[83.198,27.446],[83.268,27.365],[83.355,27.34],[83.403,27.42],[83.493,27.475],[83.61,27.47],[83.694,27.434],[83.797,27.386],[83.888,27.326],[83.925,27.243],[83.967,27.161],[84.006,27.072],[84.05,26.991],[84.044,26.91],[84.13,26.885],[84.221,26.872],[84.241,26.775],[84.323,26.688],[84.405,26.643],[84.311,26.615],[84.229,26.613],[84.149,26.628],[84.068,26.581],[83.984,26.531],[83.902,26.518],[83.961,26.437],[84.045,26.405],[84.128,26.384],[84.172,26.304],[84.091,26.234],[84.01,26.239],[84.027,26.153],[84.116,26.075],[84.166,25.992],[84.255,25.971],[84.344,25.959],[84.424,25.898],[84.507,25.872],[84.587,25.82],[84.63,25.733],[84.531,25.693],[84.449,25.711],[84.368,25.742],[84.284,25.677],[84.203,25.67],[84.108,25.724],[84.077,25.638],[83.992,25.601],[83.899,25.532],[83.815,25.468],[83.762,25.388],[83.676,25.382],[83.588,25.326],[83.503,25.29],[83.423,25.252],[83.341,25.186],[83.34,25.099],[83.318,25.017],[83.357,24.919],[83.389,24.836],[83.441,24.744],[83.497,24.659],[83.524,24.575],[83.436,24.514],[83.399,24.412],[83.391,24.327],[83.391,24.245],[83.357,24.157],[83.289,24.073],[83.223,23.992],[83.156,23.911],[83.061,23.875],[82.954,23.873],[82.866,23.923],[82.797,24.005],[82.708,24.081],[82.736,24.168],[82.749,24.257],[82.763,24.342],[82.72,24.43],[82.716,24.513],[82.801,24.553],[82.766,24.642],[82.685,24.687],[82.603,24.679],[82.518,24.678],[82.432,24.706],[82.408,24.623],[82.324,24.623],[82.236,24.676],[82.247,24.76],[82.163,24.805],[82.082,24.822],[81.998,24.847],[81.915,24.878],[81.901,24.973],[81.792,25.01],[81.71,25.039],[81.625,25.062],[81.604,25.143],[81.523,25.186],[81.507,25.105],[81.425,25.099],[81.345,25.165],[81.261,25.144],[81.255,25.061],[81.212,24.978],[81.134,24.894],[81.051,24.955],[80.966,24.939],[80.885,24.949],[80.802,24.944],[80.829,25.03],[80.867,25.119],[80.786,25.138],[80.701,25.138],[80.781,25.07],[80.698,25.062],[80.618,25.094],[80.532,25.076],[80.446,25.066],[80.366,25.058],[80.278,25.022],[80.323,25.107],[80.404,25.165],[80.391,25.246],[80.304,25.289],[80.313,25.372],[80.23,25.411],[80.145,25.36],[80.062,25.342],[79.977,25.265],[79.897,25.25],[79.86,25.162],[79.769,25.125],[79.687,25.137],[79.606,25.132],[79.518,25.131],[79.436,25.108],[79.404,25.19],[79.461,25.27],[79.379,25.287],[79.295,25.34],[79.341,25.259],[79.302,25.175],[79.22,25.155],[79.138,25.118],[79.058,25.151],[79.026,25.235],[78.942,25.218],[78.953,25.312],[78.862,25.325],[78.846,25.234],[78.792,25.315],[78.875,25.388],[78.955,25.373],[78.92,25.462],[78.942,25.551],[78.851,25.519],[78.837,25.434],[78.757,25.476],[78.759,25.394],[78.672,25.385],[78.588,25.392],[78.525,25.307],[78.441,25.304],[78.521,25.288],[78.57,25.202],[78.598,25.108],[78.637,25.026],[78.64,24.945],[78.723,24.881],[78.767,24.799],[78.773,24.712],[78.749,24.625],[78.829,24.608],[78.913,24.581],[78.965,24.5],[78.981,24.418],[78.945,24.331],[78.878,24.249],[78.792,24.18],[78.711,24.239],[78.626,24.286],[78.528,24.374],[78.44,24.326],[78.351,24.299],[78.363,24.382],[78.281,24.437],[78.22,24.523],[78.269,24.605],[78.257,24.686],[78.225,24.766],[78.17,24.846],[78.249,24.938],[78.33,25.004],[78.325,25.084],[78.411,25.129],[78.395,25.215],[78.345,25.298],[78.3,25.384],[78.381,25.45],[78.409,25.533],[78.491,25.582],[78.576,25.565],[78.665,25.585],[78.749,25.608],[78.796,25.696],[78.791,25.788],[78.858,25.872],[78.924,25.953],[78.944,26.037],[78.97,26.12],[78.984,26.201],[79.058,26.284],[79.077,26.366],[79.121,26.448],[79.039,26.516],[78.991,26.605],[78.987,26.686],[78.904,26.713],[78.811,26.765],[78.726,26.78],[78.629,26.775],[78.535,26.772],[78.451,26.798],[78.37,26.858],[78.282,26.864],[78.201,26.862],[78.227,26.944],[78.146,26.953],[78.063,26.915],[77.98,26.898],[77.9,26.925],[77.815,26.923],[77.729,26.926],[77.625,26.847],[77.536,26.825],[77.448,26.747],[77.427,26.832],[77.519,26.915],[77.605,26.946],[77.692,26.979],[77.603,27.029],[77.521,27.067],[77.594,27.148],[77.643,27.232],[77.609,27.312],[77.522,27.358],[77.436,27.397],[77.396,27.478],[77.331,27.564],[77.342,27.653],[77.311,27.737],[77.29,27.818],[77.37,27.863],[77.458,27.885],[77.536,27.966],[77.478,28.049],[77.498,28.136],[77.522,28.217],[77.494,28.3],[77.47,28.394],[77.388,28.473],[77.303,28.55],[77.33,28.631],[77.322,28.712],[77.238,28.759],[77.211,28.845],[77.205,28.936],[77.204,29.017],[77.124,29.101],[77.14,29.182],[77.135,29.266],[77.12,29.35],[77.136,29.432],[77.086,29.528],[77.092,29.609],[77.121,29.692],[77.118,29.776],[77.178,29.862],[77.224,29.955],[77.272,30.04],[77.357,30.084],[77.424,30.168],[77.506,30.242],[77.575,30.326],[77.569,30.407],[77.585,30.409]]]}},{"type":"Feature","properties":{"NAME_1":"Uttaranchal"},"geometry":{"type":"Polygon","coordinates":[[[79.195,31.354],[79.234,31.269],[79.288,31.188],[79.37,31.12],[79.413,31.038],[79.494,31.041],[79.55,30.96],[79.643,30.968],[79.725,30.991],[79.805,30.978],[79.893,30.924],[79.981,30.874],[80.064,30.825],[80.145,30.813],[80.225,30.761],[80.183,30.68],[80.206,30.597],[80.287,30.572],[80.368,30.527],[80.457,30.494],[80.539,30.465],[80.623,30.463],[80.707,30.414],[80.794,30.33],[80.883,30.3],[80.967,30.276],[80.886,30.194],[80.844,30.111],[80.763,30.049],[80.685,29.967],[80.605,29.959],[80.559,29.871],[80.478,29.798],[80.398,29.763],[80.386,29.682],[80.409,29.595],[80.344,29.511],[80.26,29.452],[80.273,29.371],[80.308,29.289],[80.299,29.205],[80.24,29.121],[80.146,29.103],[80.129,29.021],[80.067,28.927],[80.066,28.837],[80.023,28.749],[79.941,28.721],[79.901,28.802],[79.814,28.832],[79.733,28.883],[79.644,28.853],[79.563,28.849],[79.483,28.866],[79.402,28.877],[79.369,28.958],[79.286,28.961],[79.204,29.029],[79.142,29.12],[79.059,29.156],[78.979,29.155],[78.898,29.155],[78.874,29.235],[78.793,29.263],[78.747,29.343],[78.829,29.368],[78.907,29.452],[78.824,29.47],[78.742,29.501],[78.65,29.541],[78.561,29.594],[78.507,29.677],[78.432,29.758],[78.351,29.786],[78.265,29.727],[78.182,29.692],[78.098,29.631],[78.017,29.555],[77.975,29.638],[77.887,29.701],[77.804,29.677],[77.766,29.764],[77.73,29.853],[77.718,29.935],[77.753,30.017],[77.786,30.099],[77.869,30.159],[77.929,30.24],[77.848,30.279],[77.765,30.317],[77.684,30.368],[77.604,30.409],[77.69,30.463],[77.788,30.506],[77.744,30.59],[77.759,30.672],[77.692,30.755],[77.744,30.836],[77.797,30.917],[77.814,30.999],[77.843,31.081],[77.934,31.167],[78.017,31.159],[78.101,31.2],[78.185,31.223],[78.269,31.271],[78.356,31.291],[78.444,31.244],[78.537,31.207],[78.628,31.222],[78.713,31.197],[78.795,31.205],[78.862,31.112],[78.952,31.108],[78.953,31.19],[78.917,31.275],[78.981,31.357],[79.034,31.445],[79.123,31.442],[79.188,31.36],[79.195,31.354]]]}},{"type":"Feature","properties":{"NAME_1":"West Bengal"},"geometry":{"type":"MultiPolygon","coordinates":[[[[88.984,21.706],[89.034,21.625],[88.954,21.679],[88.984,21.706]]],[[[88.311,21.706],[88.341,21.626],[88.302,21.706],[88.311,21.706]]],[[[88.454,21.709],[88.454,21.629],[88.448,21.709],[88.454,21.709]]],[[[88.205,21.721],[88.232,21.641],[88.202,21.721],[88.205,21.721]]],[[[89.059,21.722],[89.095,21.641],[89.014,21.703],[89.059,21.722]]],[[[88.546,21.736],[88.559,21.656],[88.54,21.736],[88.546,21.736]]],[[[88.883,21.745],[88.935,21.665],[88.882,21.745],[88.883,21.745]]],[[[88.412,21.731],[88.414,21.651],[88.377,21.731],[88.412,21.731]]],[[[88.221,21.762],[88.301,21.689],[88.289,21.609],[88.209,21.674],[88.214,21.754],[88.221,21.762]]],[[[88.832,21.766],[88.842,21.685],[88.83,21.765],[88.832,21.766]]],[[[88.61,21.79],[88.611,21.709],[88.602,21.79],[88.61,21.79]]],[[[88.459,21.789],[88.438,21.709],[88.442,21.789],[88.459,21.789]]],[[[88.545,21.81],[88.561,21.73],[88.541,21.811],[88.545,21.81]]],[[[88.422,21.811],[88.424,21.731],[88.421,21.811],[88.422,21.811]]],[[[88.941,21.847],[88.954,21.767],[88.939,21.847],[88.941,21.847]]],[[[88.331,21.861],[88.378,21.779],[88.298,21.801],[88.331,21.861]]],[[[88.856,21.865],[88.894,21.785],[88.853,21.865],[88.856,21.865]]],[[[88.137,21.875],[88.164,21.795],[88.161,21.714],[88.143,21.634],[88.063,21.638],[88.045,21.718],[88.084,21.798],[88.137,21.875]]],[[[88.789,21.879],[88.8,21.797],[88.788,21.878],[88.789,21.879]]],[[[88.979,21.893],[89.009,21.813],[88.977,21.893],[88.979,21.893]]],[[[88.622,21.898],[88.645,21.817],[88.62,21.898],[88.622,21.898]]],[[[88.562,21.897],[88.552,21.817],[88.543,21.897],[88.562,21.897]]],[[[88.446,21.905],[88.462,21.825],[88.439,21.905],[88.446,21.905]]],[[[88.718,21.907],[88.765,21.827],[88.718,21.907],[88.718,21.907]]],[[[88.837,21.918],[88.917,21.927],[88.951,21.847],[88.87,21.854],[88.837,21.918]]],[[[88.724,21.932],[88.804,21.915],[88.723,21.905],[88.724,21.932]]],[[[88.813,22.019],[88.894,22.012],[88.907,21.931],[88.825,21.94],[88.785,22.02],[88.813,22.019]]],[[[89.016,22.051],[89.073,21.971],[88.993,21.974],[88.985,22.054],[89.016,22.051]]],[[[88.865,22.167],[88.886,22.087],[88.848,22.167],[88.865,22.167]]],[[[88.95,22.189],[88.979,22.109],[88.924,22.029],[89.004,21.978],[88.923,21.967],[88.911,22.047],[88.94,22.127],[88.95,22.189]]],[[[89.002,22.199],[89.042,22.119],[88.962,22.051],[88.997,22.132],[89.002,22.199]]],[[[88.695,22.209],[88.775,22.178],[88.701,22.098],[88.739,22.017],[88.659,22.059],[88.647,22.139],[88.695,22.209]]],[[[88.845,22.189],[88.773,22.107],[88.835,22.187],[88.845,22.189]]],[[[88.813,22.283],[88.816,22.203],[88.808,22.283],[88.813,22.283]]],[[[88.85,22.363],[88.93,22.303],[88.916,22.223],[88.836,22.208],[88.806,22.289],[88.85,22.363]]],[[[88.985,22.382],[89.019,22.302],[89.04,22.222],[89.085,22.142],[89.005,22.211],[88.953,22.291],[88.966,22.371],[88.985,22.382]]],[[[88.898,22.549],[88.894,22.469],[88.902,22.389],[88.86,22.469],[88.884,22.549],[88.898,22.549]]],[[[88.92,22.565],[88.978,22.485],[88.963,22.405],[88.945,22.324],[88.927,22.405],[88.897,22.485],[88.918,22.565],[88.92,22.565]]],[[[88.127,27.123],[88.21,27.133],[88.295,27.125],[88.388,27.098],[88.469,27.117],[88.559,27.189],[88.642,27.167],[88.725,27.139],[88.805,27.133],[88.877,27.046],[88.872,26.965],[88.952,26.97],[89.04,26.925],[89.102,26.836],[89.183,26.814],[89.265,26.82],[89.346,26.853],[89.427,26.836],[89.51,26.817],[89.594,26.793],[89.675,26.74],[89.757,26.736],[89.855,26.703],[89.859,26.617],[89.862,26.53],[89.869,26.448],[89.827,26.367],[89.746,26.291],[89.726,26.206],[89.645,26.226],[89.601,26.144],[89.653,26.064],[89.591,25.983],[89.508,26.0],[89.427,26.042],[89.345,26.017],[89.265,26.063],[89.183,26.129],[89.155,26.209],[89.11,26.289],[89.095,26.369],[89.015,26.416],[88.934,26.436],[88.956,26.356],[89.039,26.286],[88.958,26.248],[88.876,26.286],[88.796,26.313],[88.714,26.345],[88.651,26.426],[88.569,26.456],[88.489,26.526],[88.419,26.609],[88.357,26.528],[88.354,26.448],[88.435,26.47],[88.513,26.389],[88.432,26.335],[88.351,26.274],[88.287,26.193],[88.206,26.158],[88.161,26.076],[88.143,25.996],[88.089,25.916],[88.112,25.834],[88.192,25.8],[88.272,25.806],[88.353,25.727],[88.435,25.665],[88.471,25.584],[88.551,25.516],[88.632,25.495],[88.712,25.497],[88.796,25.521],[88.83,25.438],[88.859,25.358],[88.939,25.31],[88.957,25.227],[88.877,25.181],[88.795,25.174],[88.713,25.209],[88.628,25.206],[88.545,25.196],[88.465,25.196],[88.445,25.115],[88.452,25.034],[88.401,24.952],[88.334,24.871],[88.248,24.935],[88.166,24.944],[88.167,24.863],[88.107,24.782],[88.042,24.7],[88.056,24.62],[88.115,24.539],[88.197,24.463],[88.28,24.435],[88.361,24.374],[88.442,24.379],[88.527,24.344],[88.607,24.315],[88.689,24.313],[88.733,24.233],[88.705,24.147],[88.722,24.066],[88.771,23.985],[88.705,23.904],[88.625,23.867],[88.575,23.787],[88.566,23.704],[88.592,23.622],[88.674,23.546],[88.755,23.478],[88.753,23.398],[88.747,23.314],[88.777,23.233],[88.857,23.228],[88.94,23.205],[88.918,23.125],[88.877,23.043],[88.862,22.96],[88.909,22.877],[88.958,22.797],[88.935,22.716],[88.854,22.694],[88.934,22.617],[88.867,22.537],[88.853,22.457],[88.773,22.513],[88.692,22.526],[88.773,22.51],[88.849,22.429],[88.812,22.349],[88.793,22.269],[88.713,22.203],[88.68,22.284],[88.673,22.203],[88.623,22.123],[88.635,22.043],[88.599,21.962],[88.548,21.882],[88.493,21.962],[88.412,21.887],[88.375,21.968],[88.397,21.886],[88.392,21.806],[88.369,21.886],[88.288,21.86],[88.269,21.78],[88.188,21.838],[88.176,21.919],[88.191,21.999],[88.224,22.082],[88.205,22.162],[88.125,22.206],[88.101,22.286],[88.021,22.227],[87.96,22.307],[87.949,22.387],[87.934,22.307],[87.974,22.227],[88.057,22.197],[88.139,22.182],[88.19,22.101],[88.109,22.039],[88.029,22.046],[88.03,21.966],[87.993,21.886],[87.931,21.805],[87.851,21.749],[87.771,21.695],[87.691,21.658],[87.61,21.643],[87.53,21.624],[87.471,21.707],[87.39,21.767],[87.309,21.789],[87.247,21.872],[87.235,21.953],[87.152,21.928],[87.062,21.86],[87.006,21.941],[87.024,22.021],[86.932,22.086],[86.848,22.098],[86.757,22.145],[86.772,22.228],[86.854,22.257],[86.83,22.338],[86.779,22.421],[86.79,22.508],[86.706,22.58],[86.63,22.663],[86.55,22.711],[86.467,22.74],[86.434,22.829],[86.432,22.916],[86.513,22.946],[86.432,22.99],[86.352,22.995],[86.27,23.004],[86.181,23.013],[86.116,23.094],[86.032,23.145],[85.952,23.138],[85.86,23.192],[85.834,23.281],[85.867,23.361],[85.86,23.442],[85.944,23.455],[86.026,23.488],[86.025,23.572],[86.11,23.571],[86.146,23.486],[86.232,23.471],[86.313,23.426],[86.357,23.51],[86.41,23.598],[86.502,23.632],[86.583,23.659],[86.669,23.686],[86.759,23.678],[86.82,23.761],[86.861,23.842],[86.943,23.843],[87.034,23.837],[87.116,23.805],[87.199,23.847],[87.281,23.884],[87.269,23.965],[87.35,23.997],[87.434,23.982],[87.494,24.063],[87.576,24.085],[87.657,24.156],[87.637,24.238],[87.72,24.288],[87.788,24.372],[87.807,24.453],[87.798,24.535],[87.881,24.563],[87.908,24.647],[87.885,24.729],[87.872,24.812],[87.952,24.877],[87.93,24.962],[87.855,25.046],[87.773,25.099],[87.78,25.185],[87.85,25.267],[87.787,25.355],[87.78,25.437],[87.863,25.465],[87.952,25.536],[88.035,25.493],[88.03,25.574],[88.049,25.655],[87.961,25.725],[87.899,25.806],[87.818,25.881],[87.831,25.962],[87.842,26.044],[87.923,26.072],[87.964,26.152],[88.046,26.178],[88.131,26.227],[88.211,26.28],[88.292,26.354],[88.248,26.439],[88.219,26.524],[88.138,26.514],[88.134,26.598],[88.167,26.678],[88.19,26.76],[88.171,26.841],[88.14,26.931],[88.091,27.015],[88.014,27.097],[88.016,27.178],[88.096,27.136],[88.127,27.123]]]]}}]}